path,label
/home/chenj0g/medicnet/dataset/resize_videos/--Ly-qjodoI.mp4,3
/home/chenj0g/medicnet/dataset/resize_videos/-DMEyIfWBV8.mp4,3
/home/chenj0g/medicnet/dataset/resize_videos/0z5Xtb8ipRo.mp4,3
/home/chenj0g/medicnet/dataset/resize_videos/1PNlj_VEDtI.mp4,3
/home/chenj0g/medicnet/dataset/resize_videos/31lF8VNCJ8k.mp4,3
/home/chenj0g/medicnet/dataset/resize_videos/3gLhooOemZw.mp4,3
/home/chenj0g/medicnet/dataset/resize_videos/4yQO__Khl5U.mp4,3
/home/chenj0g/medicnet/dataset/resize_videos/58wAvY_aF-Y.mp4,3
/home/chenj0g/medicnet/dataset/resize_videos/5W3o4HjyV2k.mp4,3
/home/chenj0g/medicnet/dataset/resize_videos/6eGGq4fz8SE.mp4,3
/home/chenj0g/medicnet/dataset/resize_videos/6Ny4wSUdYNo.mp4,3
/home/chenj0g/medicnet/dataset/resize_videos/6Xu2Sgk1y80.mp4,3
/home/chenj0g/medicnet/dataset/resize_videos/8OTKidNwLlo.mp4,3
/home/chenj0g/medicnet/dataset/resize_videos/9VHtLRhwrBM.mp4,3
/home/chenj0g/medicnet/dataset/resize_videos/b2UCiQs0KMg.mp4,3
/home/chenj0g/medicnet/dataset/resize_videos/cKtB81VN_4Q.mp4,3
/home/chenj0g/medicnet/dataset/resize_videos/Cl-Cn0qK5lg.mp4,3
/home/chenj0g/medicnet/dataset/resize_videos/Edz9o56EgD0.mp4,3
/home/chenj0g/medicnet/dataset/resize_videos/eR_xGQH1qYk.mp4,3
/home/chenj0g/medicnet/dataset/resize_videos/FKZDX79-fxo.mp4,3
/home/chenj0g/medicnet/dataset/resize_videos/GE24mrcUkhg.mp4,3
/home/chenj0g/medicnet/dataset/resize_videos/gmWjVoc3mM8.mp4,3
/home/chenj0g/medicnet/dataset/resize_videos/j2VfzKjn4no.mp4,3
/home/chenj0g/medicnet/dataset/resize_videos/j4vCio2bdbo.mp4,3
/home/chenj0g/medicnet/dataset/resize_videos/j7bdt74NOcQ.mp4,3
/home/chenj0g/medicnet/dataset/resize_videos/JGgzTJtzaqc.mp4,3
/home/chenj0g/medicnet/dataset/resize_videos/jGJNtSF2RLA.mp4,3
/home/chenj0g/medicnet/dataset/resize_videos/KMJCl5PU7yo.mp4,3
/home/chenj0g/medicnet/dataset/resize_videos/Ko-oArJLfFc.mp4,3
/home/chenj0g/medicnet/dataset/resize_videos/kVMfKVJN5J0.mp4,3
/home/chenj0g/medicnet/dataset/resize_videos/K_Yv4ahcghI.mp4,3
/home/chenj0g/medicnet/dataset/resize_videos/l2svlMYCBiQ.mp4,3
/home/chenj0g/medicnet/dataset/resize_videos/lNnvx6hIN78.mp4,3
/home/chenj0g/medicnet/dataset/resize_videos/LyWtN-oRjN0.mp4,3
/home/chenj0g/medicnet/dataset/resize_videos/n3Ed36YSz9w.mp4,3
/home/chenj0g/medicnet/dataset/resize_videos/N6aqYkq0xlQ.mp4,3
/home/chenj0g/medicnet/dataset/resize_videos/NP0ybURoSz4.mp4,3
/home/chenj0g/medicnet/dataset/resize_videos/Nsm3HIH7QdU.mp4,3
/home/chenj0g/medicnet/dataset/resize_videos/OkZeVDj3WI8.mp4,3
/home/chenj0g/medicnet/dataset/resize_videos/PmhpqrIBJD8.mp4,3
/home/chenj0g/medicnet/dataset/resize_videos/pmpscqwoQpA.mp4,3
/home/chenj0g/medicnet/dataset/resize_videos/Q8lZR3Fo6SM.mp4,3
/home/chenj0g/medicnet/dataset/resize_videos/Qp78x7NxUho.mp4,3
/home/chenj0g/medicnet/dataset/resize_videos/-0z1P7sw2qs.mp4,37
/home/chenj0g/medicnet/dataset/resize_videos/3MeO7o0m7oU.mp4,37
/home/chenj0g/medicnet/dataset/resize_videos/8vKssX6wvwY.mp4,37
/home/chenj0g/medicnet/dataset/resize_videos/fkIeURclwn0.mp4,37
/home/chenj0g/medicnet/dataset/resize_videos/IrhtHZFRBqU.mp4,37
/home/chenj0g/medicnet/dataset/resize_videos/J8dkqhWBWTA.mp4,37
/home/chenj0g/medicnet/dataset/resize_videos/L2AQMNL0Oow.mp4,37
/home/chenj0g/medicnet/dataset/resize_videos/NM53mj1iQBo.mp4,37
/home/chenj0g/medicnet/dataset/resize_videos/OsVL10kIh8w.mp4,37
/home/chenj0g/medicnet/dataset/resize_videos/OyBYv-PAGzU.mp4,37
/home/chenj0g/medicnet/dataset/resize_videos/rXHfRWQ42xo.mp4,37
/home/chenj0g/medicnet/dataset/resize_videos/-1mH9wYWd5w.mp4,25
/home/chenj0g/medicnet/dataset/resize_videos/031fy7eHW4o.mp4,25
/home/chenj0g/medicnet/dataset/resize_videos/1WxoWefo7gQ.mp4,25
/home/chenj0g/medicnet/dataset/resize_videos/23Ioifx2zX0.mp4,25
/home/chenj0g/medicnet/dataset/resize_videos/2i_rjQ9SGa0.mp4,25
/home/chenj0g/medicnet/dataset/resize_videos/4c6bm_iT6pg.mp4,25
/home/chenj0g/medicnet/dataset/resize_videos/8CGlrISSmnU.mp4,25
/home/chenj0g/medicnet/dataset/resize_videos/CfEymG-VQNQ.mp4,25
/home/chenj0g/medicnet/dataset/resize_videos/CguNhVWqojs.mp4,25
/home/chenj0g/medicnet/dataset/resize_videos/HC_5oej-NWQ.mp4,25
/home/chenj0g/medicnet/dataset/resize_videos/KVKop8m7oUU.mp4,25
/home/chenj0g/medicnet/dataset/resize_videos/mLbySoiCuyo.mp4,25
/home/chenj0g/medicnet/dataset/resize_videos/nxhI2Vg4xHE.mp4,25
/home/chenj0g/medicnet/dataset/resize_videos/oaOOXc9QLwU.mp4,25
/home/chenj0g/medicnet/dataset/resize_videos/OBVqxwggZ3U.mp4,25
/home/chenj0g/medicnet/dataset/resize_videos/pAJmtKqoKJc.mp4,25
/home/chenj0g/medicnet/dataset/resize_videos/pK_7NE5_yCU.mp4,25
/home/chenj0g/medicnet/dataset/resize_videos/r0azePlFx5c.mp4,25
/home/chenj0g/medicnet/dataset/resize_videos/-2N0GEdJltw.mp4,7
/home/chenj0g/medicnet/dataset/resize_videos/0WMoZ_sInmc.mp4,7
/home/chenj0g/medicnet/dataset/resize_videos/1rlxKsx_n-Y.mp4,7
/home/chenj0g/medicnet/dataset/resize_videos/1WLcyNiBt2s.mp4,7
/home/chenj0g/medicnet/dataset/resize_videos/21v_YbzDiJ8.mp4,7
/home/chenj0g/medicnet/dataset/resize_videos/24Jlbd9bOr4.mp4,7
/home/chenj0g/medicnet/dataset/resize_videos/2KtmwJDhujU.mp4,7
/home/chenj0g/medicnet/dataset/resize_videos/2ZvWaLst-E8.mp4,7
/home/chenj0g/medicnet/dataset/resize_videos/396l_q4T1NA.mp4,7
/home/chenj0g/medicnet/dataset/resize_videos/3fk_8uR_uhQ.mp4,7
/home/chenj0g/medicnet/dataset/resize_videos/4NAJuycN4Co.mp4,7
/home/chenj0g/medicnet/dataset/resize_videos/4ONAC6uE6xA.mp4,7
/home/chenj0g/medicnet/dataset/resize_videos/8oX4SQHxKBw.mp4,7
/home/chenj0g/medicnet/dataset/resize_videos/AdnKbipn5es.mp4,7
/home/chenj0g/medicnet/dataset/resize_videos/b1uy8cwYlcM.mp4,7
/home/chenj0g/medicnet/dataset/resize_videos/BHH_nHIhJO4.mp4,7
/home/chenj0g/medicnet/dataset/resize_videos/C-tFDOR--fQ.mp4,7
/home/chenj0g/medicnet/dataset/resize_videos/casR8s0oS6g.mp4,7
/home/chenj0g/medicnet/dataset/resize_videos/cM1H92_5hqs.mp4,7
/home/chenj0g/medicnet/dataset/resize_videos/Cpoc5ht51NY.mp4,7
/home/chenj0g/medicnet/dataset/resize_videos/DbDBriTlmms.mp4,7
/home/chenj0g/medicnet/dataset/resize_videos/DuO1tWIDEe8.mp4,7
/home/chenj0g/medicnet/dataset/resize_videos/EcvnyTIs9JI.mp4,7
/home/chenj0g/medicnet/dataset/resize_videos/eqX2nymZHWA.mp4,7
/home/chenj0g/medicnet/dataset/resize_videos/Euws_PLlpMo.mp4,7
/home/chenj0g/medicnet/dataset/resize_videos/F-VPXPctDV0.mp4,7
/home/chenj0g/medicnet/dataset/resize_videos/Fk2Dj6wyQAE.mp4,7
/home/chenj0g/medicnet/dataset/resize_videos/gbI3qxMQ5GE.mp4,7
/home/chenj0g/medicnet/dataset/resize_videos/gdJv2MwaDyc.mp4,7
/home/chenj0g/medicnet/dataset/resize_videos/gFSf0fO0Lug.mp4,7
/home/chenj0g/medicnet/dataset/resize_videos/HnOMCQ-8Bfo.mp4,7
/home/chenj0g/medicnet/dataset/resize_videos/jkhFGLGxnrQ.mp4,7
/home/chenj0g/medicnet/dataset/resize_videos/jyGj_vBpM6k.mp4,7
/home/chenj0g/medicnet/dataset/resize_videos/Kxb43B7iWFM.mp4,7
/home/chenj0g/medicnet/dataset/resize_videos/l_Vk83J_TPI.mp4,7
/home/chenj0g/medicnet/dataset/resize_videos/m1cKMlY7Ovk.mp4,7
/home/chenj0g/medicnet/dataset/resize_videos/mEZ3hxK4WEM.mp4,7
/home/chenj0g/medicnet/dataset/resize_videos/MmnY2RtgCZE.mp4,7
/home/chenj0g/medicnet/dataset/resize_videos/o-_ku8TTVQM.mp4,7
/home/chenj0g/medicnet/dataset/resize_videos/-aeuTQzxq6Y.mp4,31
/home/chenj0g/medicnet/dataset/resize_videos/00ZWd_WwJ3g.mp4,31
/home/chenj0g/medicnet/dataset/resize_videos/1e7USvwCAxQ.mp4,31
/home/chenj0g/medicnet/dataset/resize_videos/5qfIRPxoHuw.mp4,31
/home/chenj0g/medicnet/dataset/resize_videos/5Z-teZy3bCw.mp4,31
/home/chenj0g/medicnet/dataset/resize_videos/7qYYDH4NUj0.mp4,31
/home/chenj0g/medicnet/dataset/resize_videos/ANVFQV0PHIo.mp4,31
/home/chenj0g/medicnet/dataset/resize_videos/BTBBzcdZ0kg.mp4,31
/home/chenj0g/medicnet/dataset/resize_videos/cF1Nu3o87Z0.mp4,31
/home/chenj0g/medicnet/dataset/resize_videos/cqD-EvrqhKU.mp4,31
/home/chenj0g/medicnet/dataset/resize_videos/d7ymmR8WuYE.mp4,31
/home/chenj0g/medicnet/dataset/resize_videos/erabEK1fB_c.mp4,31
/home/chenj0g/medicnet/dataset/resize_videos/fb29LCjX4-E.mp4,31
/home/chenj0g/medicnet/dataset/resize_videos/GWARv4-pNPc.mp4,31
/home/chenj0g/medicnet/dataset/resize_videos/iiy9xPuVvYs.mp4,31
/home/chenj0g/medicnet/dataset/resize_videos/irDLHivG1ro.mp4,31
/home/chenj0g/medicnet/dataset/resize_videos/-BtEiJjukV4.mp4,2
/home/chenj0g/medicnet/dataset/resize_videos/06Eero7ok5A.mp4,2
/home/chenj0g/medicnet/dataset/resize_videos/0mSQn8SBmRE.mp4,2
/home/chenj0g/medicnet/dataset/resize_videos/29QOClzPHGQ.mp4,2
/home/chenj0g/medicnet/dataset/resize_videos/2vt973I9_1Q.mp4,2
/home/chenj0g/medicnet/dataset/resize_videos/4Du0_Sd_s2s.mp4,2
/home/chenj0g/medicnet/dataset/resize_videos/51ecxm8oLP8.mp4,2
/home/chenj0g/medicnet/dataset/resize_videos/5DSG23B5XGQ.mp4,2
/home/chenj0g/medicnet/dataset/resize_videos/5w6EUzNYLXk.mp4,2
/home/chenj0g/medicnet/dataset/resize_videos/69VYrk0GeaU.mp4,2
/home/chenj0g/medicnet/dataset/resize_videos/7jRryPp8C3A.mp4,2
/home/chenj0g/medicnet/dataset/resize_videos/7kv3YZNpo8Q.mp4,2
/home/chenj0g/medicnet/dataset/resize_videos/7XPQYY0B7Rk.mp4,2
/home/chenj0g/medicnet/dataset/resize_videos/a1-dLLOeKUA.mp4,2
/home/chenj0g/medicnet/dataset/resize_videos/ApSPE69IPNc.mp4,2
/home/chenj0g/medicnet/dataset/resize_videos/BLVruFeiJGA.mp4,2
/home/chenj0g/medicnet/dataset/resize_videos/BM8hJsBsRXI.mp4,2
/home/chenj0g/medicnet/dataset/resize_videos/Dbl84rzEZWw.mp4,2
/home/chenj0g/medicnet/dataset/resize_videos/eckl2DvLZIQ.mp4,2
/home/chenj0g/medicnet/dataset/resize_videos/ehnhb5_IPdI.mp4,2
/home/chenj0g/medicnet/dataset/resize_videos/fM0rd3yFSjg.mp4,2
/home/chenj0g/medicnet/dataset/resize_videos/fnIPcKKj7gk.mp4,2
/home/chenj0g/medicnet/dataset/resize_videos/GbeLVnVmxX4.mp4,2
/home/chenj0g/medicnet/dataset/resize_videos/G_TDLaTop6U.mp4,2
/home/chenj0g/medicnet/dataset/resize_videos/Hu0d8BfRpYo.mp4,2
/home/chenj0g/medicnet/dataset/resize_videos/HWrr0tJTlsE.mp4,2
/home/chenj0g/medicnet/dataset/resize_videos/iyVphDMrJ9M.mp4,2
/home/chenj0g/medicnet/dataset/resize_videos/jc9LampMMU8.mp4,2
/home/chenj0g/medicnet/dataset/resize_videos/JphvDiE09UA.mp4,2
/home/chenj0g/medicnet/dataset/resize_videos/j_cMKkyp6q8.mp4,2
/home/chenj0g/medicnet/dataset/resize_videos/k7pxeGS1a3U.mp4,2
/home/chenj0g/medicnet/dataset/resize_videos/kRaVPCzsbyA.mp4,2
/home/chenj0g/medicnet/dataset/resize_videos/KYo2YXlJjKg.mp4,2
/home/chenj0g/medicnet/dataset/resize_videos/L2cbtyuqRXE.mp4,2
/home/chenj0g/medicnet/dataset/resize_videos/lzmn9_OdR7A.mp4,2
/home/chenj0g/medicnet/dataset/resize_videos/m4VCmdKJgtY.mp4,2
/home/chenj0g/medicnet/dataset/resize_videos/m_RWZGoHczY.mp4,2
/home/chenj0g/medicnet/dataset/resize_videos/NBPUBLied0o.mp4,2
/home/chenj0g/medicnet/dataset/resize_videos/nBT7PfC6YB4.mp4,2
/home/chenj0g/medicnet/dataset/resize_videos/NJJbE1ZaPOc.mp4,2
/home/chenj0g/medicnet/dataset/resize_videos/O1H0HGnmar4.mp4,2
/home/chenj0g/medicnet/dataset/resize_videos/O3StYjvfjUo.mp4,2
/home/chenj0g/medicnet/dataset/resize_videos/Oby_tVxQZAI.mp4,2
/home/chenj0g/medicnet/dataset/resize_videos/ONRQrqxZ5kY.mp4,2
/home/chenj0g/medicnet/dataset/resize_videos/OwhjTacbn_I.mp4,2
/home/chenj0g/medicnet/dataset/resize_videos/OxlsLZcvRi0.mp4,2
/home/chenj0g/medicnet/dataset/resize_videos/pIMX96z-eWQ.mp4,2
/home/chenj0g/medicnet/dataset/resize_videos/PJO4dgqCs1g.mp4,2
/home/chenj0g/medicnet/dataset/resize_videos/qfXX37b-Df0.mp4,2
/home/chenj0g/medicnet/dataset/resize_videos/-C7K3i5Ea7s.mp4,19
/home/chenj0g/medicnet/dataset/resize_videos/2_-EBIujCQw.mp4,19
/home/chenj0g/medicnet/dataset/resize_videos/3cUkDXZzeyg.mp4,19
/home/chenj0g/medicnet/dataset/resize_videos/59B4LwCURJ0.mp4,19
/home/chenj0g/medicnet/dataset/resize_videos/9c1Jq7Ekago.mp4,19
/home/chenj0g/medicnet/dataset/resize_videos/aKPL2Rmj0hI.mp4,19
/home/chenj0g/medicnet/dataset/resize_videos/aw_2mvb69Ow.mp4,19
/home/chenj0g/medicnet/dataset/resize_videos/bj1LoKDgR4A.mp4,19
/home/chenj0g/medicnet/dataset/resize_videos/BxhVnMPLR2I.mp4,19
/home/chenj0g/medicnet/dataset/resize_videos/CJ_-t9AtkpA.mp4,19
/home/chenj0g/medicnet/dataset/resize_videos/cK5YxQFFlZE.mp4,19
/home/chenj0g/medicnet/dataset/resize_videos/F0ve4k_sINQ.mp4,19
/home/chenj0g/medicnet/dataset/resize_videos/fjcQKVFvPlQ.mp4,19
/home/chenj0g/medicnet/dataset/resize_videos/FQ5N13TlXLQ.mp4,19
/home/chenj0g/medicnet/dataset/resize_videos/gatJCfnz6bw.mp4,19
/home/chenj0g/medicnet/dataset/resize_videos/h8CtsPAaa5Y.mp4,19
/home/chenj0g/medicnet/dataset/resize_videos/HdXcdcyZwfE.mp4,19
/home/chenj0g/medicnet/dataset/resize_videos/Hu8wMXKpQcM.mp4,19
/home/chenj0g/medicnet/dataset/resize_videos/j8s1B4ew7U8.mp4,19
/home/chenj0g/medicnet/dataset/resize_videos/JLkujIaDKsQ.mp4,19
/home/chenj0g/medicnet/dataset/resize_videos/NttqBWSA_DM.mp4,19
/home/chenj0g/medicnet/dataset/resize_videos/Pp4t7K86S7k.mp4,19
/home/chenj0g/medicnet/dataset/resize_videos/PVgowwPth5M.mp4,19
/home/chenj0g/medicnet/dataset/resize_videos/-EPJquqxJ1c.mp4,1
/home/chenj0g/medicnet/dataset/resize_videos/06XQuZLTENE.mp4,1
/home/chenj0g/medicnet/dataset/resize_videos/0F62OyVKOwk.mp4,1
/home/chenj0g/medicnet/dataset/resize_videos/2SqBXs-Y3ts.mp4,1
/home/chenj0g/medicnet/dataset/resize_videos/3Nw_fZ3B1sc.mp4,1
/home/chenj0g/medicnet/dataset/resize_videos/57I72z9R1H0.mp4,1
/home/chenj0g/medicnet/dataset/resize_videos/5KPMeBTNOfA.mp4,1
/home/chenj0g/medicnet/dataset/resize_videos/5nQYrFwC7G4.mp4,1
/home/chenj0g/medicnet/dataset/resize_videos/64-2Ly9aBn8.mp4,1
/home/chenj0g/medicnet/dataset/resize_videos/8_LRJ8vLMxI.mp4,1
/home/chenj0g/medicnet/dataset/resize_videos/9akxlH6BtyM.mp4,1
/home/chenj0g/medicnet/dataset/resize_videos/9mGUSQKOVw4.mp4,1
/home/chenj0g/medicnet/dataset/resize_videos/aKTGjx3afvs.mp4,1
/home/chenj0g/medicnet/dataset/resize_videos/APQwu9Qx3As.mp4,1
/home/chenj0g/medicnet/dataset/resize_videos/aZ3DJnCxujA.mp4,1
/home/chenj0g/medicnet/dataset/resize_videos/BwzeCSd2bVc.mp4,1
/home/chenj0g/medicnet/dataset/resize_videos/CUT22MsW04I.mp4,1
/home/chenj0g/medicnet/dataset/resize_videos/DhlIQskLhKU.mp4,1
/home/chenj0g/medicnet/dataset/resize_videos/djiMq2c_fCo.mp4,1
/home/chenj0g/medicnet/dataset/resize_videos/eaSp-INcrwk.mp4,1
/home/chenj0g/medicnet/dataset/resize_videos/EIhCVahxZkA.mp4,1
/home/chenj0g/medicnet/dataset/resize_videos/eORbJowLOFg.mp4,1
/home/chenj0g/medicnet/dataset/resize_videos/fBIrnLxKB94.mp4,1
/home/chenj0g/medicnet/dataset/resize_videos/fnXB1xyRFaA.mp4,1
/home/chenj0g/medicnet/dataset/resize_videos/g-z44AlcZJY.mp4,1
/home/chenj0g/medicnet/dataset/resize_videos/g5vdCoCp4IY.mp4,1
/home/chenj0g/medicnet/dataset/resize_videos/GmUrNFGqTA0.mp4,1
/home/chenj0g/medicnet/dataset/resize_videos/GsypMFw4OJk.mp4,1
/home/chenj0g/medicnet/dataset/resize_videos/hGAZXMj_3gw.mp4,1
/home/chenj0g/medicnet/dataset/resize_videos/hOOj_Atm_QU.mp4,1
/home/chenj0g/medicnet/dataset/resize_videos/hxxXvsrIL18.mp4,1
/home/chenj0g/medicnet/dataset/resize_videos/IisgnbMfKvI.mp4,1
/home/chenj0g/medicnet/dataset/resize_videos/J0KI-i6aEmc.mp4,1
/home/chenj0g/medicnet/dataset/resize_videos/JEPqvTVdqVc.mp4,1
/home/chenj0g/medicnet/dataset/resize_videos/Kcih9VWhp98.mp4,1
/home/chenj0g/medicnet/dataset/resize_videos/l-CWyxBYfv0.mp4,1
/home/chenj0g/medicnet/dataset/resize_videos/L4LSRgdie-c.mp4,1
/home/chenj0g/medicnet/dataset/resize_videos/LTudru2FF9I.mp4,1
/home/chenj0g/medicnet/dataset/resize_videos/Luru8cYPFY4.mp4,1
/home/chenj0g/medicnet/dataset/resize_videos/MCpife5sFPA.mp4,1
/home/chenj0g/medicnet/dataset/resize_videos/MiDnGwVBUz8.mp4,1
/home/chenj0g/medicnet/dataset/resize_videos/moqWBk6Ulfc.mp4,1
/home/chenj0g/medicnet/dataset/resize_videos/MT9_FjukU4w.mp4,1
/home/chenj0g/medicnet/dataset/resize_videos/nf4oCSeAwBA.mp4,1
/home/chenj0g/medicnet/dataset/resize_videos/n_D0Gt2pL-0.mp4,1
/home/chenj0g/medicnet/dataset/resize_videos/OGezrQzRN58.mp4,1
/home/chenj0g/medicnet/dataset/resize_videos/OhShkKHk9-M.mp4,1
/home/chenj0g/medicnet/dataset/resize_videos/ozg-_3UPmoQ.mp4,1
/home/chenj0g/medicnet/dataset/resize_videos/PJcwc0GB0Is.mp4,1
/home/chenj0g/medicnet/dataset/resize_videos/pz7aYDVWRX4.mp4,1
/home/chenj0g/medicnet/dataset/resize_videos/Q6x0omrhsoo.mp4,1
/home/chenj0g/medicnet/dataset/resize_videos/qm7nAdh63ao.mp4,1
/home/chenj0g/medicnet/dataset/resize_videos/QtctitWArm0.mp4,1
/home/chenj0g/medicnet/dataset/resize_videos/R0vlehzbAGE.mp4,1
/home/chenj0g/medicnet/dataset/resize_videos/-FdD0-zF_K4.mp4,4
/home/chenj0g/medicnet/dataset/resize_videos/-fvRejnoN3M.mp4,4
/home/chenj0g/medicnet/dataset/resize_videos/0-90-ucVHFs.mp4,4
/home/chenj0g/medicnet/dataset/resize_videos/1lsprM6MJ1A.mp4,4
/home/chenj0g/medicnet/dataset/resize_videos/31rEOB9AwG4.mp4,4
/home/chenj0g/medicnet/dataset/resize_videos/3_UUq7p6-5M.mp4,4
/home/chenj0g/medicnet/dataset/resize_videos/5Fud4xTBgwk.mp4,4
/home/chenj0g/medicnet/dataset/resize_videos/5I1lclB_tPU.mp4,4
/home/chenj0g/medicnet/dataset/resize_videos/6oHYb6_bFYo.mp4,4
/home/chenj0g/medicnet/dataset/resize_videos/Ai3YQJbuS0A.mp4,4
/home/chenj0g/medicnet/dataset/resize_videos/BH9mYVQGdm4.mp4,4
/home/chenj0g/medicnet/dataset/resize_videos/bL3PQ_3hrbc.mp4,4
/home/chenj0g/medicnet/dataset/resize_videos/cCzwH7d4Ags.mp4,4
/home/chenj0g/medicnet/dataset/resize_videos/cDcuU3KVpuo.mp4,4
/home/chenj0g/medicnet/dataset/resize_videos/D3s7heDD5rE.mp4,4
/home/chenj0g/medicnet/dataset/resize_videos/DscPAFMdo1w.mp4,4
/home/chenj0g/medicnet/dataset/resize_videos/Dxb-zo3lWPM.mp4,4
/home/chenj0g/medicnet/dataset/resize_videos/e595abxh9m4.mp4,4
/home/chenj0g/medicnet/dataset/resize_videos/gF6EgRxF-xU.mp4,4
/home/chenj0g/medicnet/dataset/resize_videos/gpS8AHh3dRE.mp4,4
/home/chenj0g/medicnet/dataset/resize_videos/HjXMlsoLm58.mp4,4
/home/chenj0g/medicnet/dataset/resize_videos/hL6nWluFOwk.mp4,4
/home/chenj0g/medicnet/dataset/resize_videos/Hp4WOXFIUvc.mp4,4
/home/chenj0g/medicnet/dataset/resize_videos/iivqpZsN76M.mp4,4
/home/chenj0g/medicnet/dataset/resize_videos/iwvnA_b9Q8Y.mp4,4
/home/chenj0g/medicnet/dataset/resize_videos/Iw_sNY02eh4.mp4,4
/home/chenj0g/medicnet/dataset/resize_videos/KMdkwYGpONo.mp4,4
/home/chenj0g/medicnet/dataset/resize_videos/kvcX078gIS8.mp4,4
/home/chenj0g/medicnet/dataset/resize_videos/K_ituJgAv98.mp4,4
/home/chenj0g/medicnet/dataset/resize_videos/l-Nlm55ztEs.mp4,4
/home/chenj0g/medicnet/dataset/resize_videos/LcVrAL3yFC4.mp4,4
/home/chenj0g/medicnet/dataset/resize_videos/mFURUnD8eJs.mp4,4
/home/chenj0g/medicnet/dataset/resize_videos/mg7Esx3UXUc.mp4,4
/home/chenj0g/medicnet/dataset/resize_videos/msUTYi295qQ.mp4,4
/home/chenj0g/medicnet/dataset/resize_videos/NL33d3ivsnI.mp4,4
/home/chenj0g/medicnet/dataset/resize_videos/Nr_VTtWkNHg.mp4,4
/home/chenj0g/medicnet/dataset/resize_videos/nS00pPC1NZE.mp4,4
/home/chenj0g/medicnet/dataset/resize_videos/oxdaSeq4EVU.mp4,4
/home/chenj0g/medicnet/dataset/resize_videos/o_qXg8h3J9Q.mp4,4
/home/chenj0g/medicnet/dataset/resize_videos/PIBP3lEJCKA.mp4,4
/home/chenj0g/medicnet/dataset/resize_videos/pXCTmVOT82s.mp4,4
/home/chenj0g/medicnet/dataset/resize_videos/quwzg7Vixsw.mp4,4
/home/chenj0g/medicnet/dataset/resize_videos/-fKaTT9nnlg.mp4,11
/home/chenj0g/medicnet/dataset/resize_videos/3-SOKCuMujc.mp4,11
/home/chenj0g/medicnet/dataset/resize_videos/3Vlt_EZRGgc.mp4,11
/home/chenj0g/medicnet/dataset/resize_videos/49jF6RZy3GE.mp4,11
/home/chenj0g/medicnet/dataset/resize_videos/4A2I-sZHXvI.mp4,11
/home/chenj0g/medicnet/dataset/resize_videos/671uYTHpalI.mp4,11
/home/chenj0g/medicnet/dataset/resize_videos/9msWAqfA5lg.mp4,11
/home/chenj0g/medicnet/dataset/resize_videos/9umaLJ6qdXo.mp4,11
/home/chenj0g/medicnet/dataset/resize_videos/BfYvfy97D0Y.mp4,11
/home/chenj0g/medicnet/dataset/resize_videos/Cgrn1Vr010E.mp4,11
/home/chenj0g/medicnet/dataset/resize_videos/cTVnjY0bXlU.mp4,11
/home/chenj0g/medicnet/dataset/resize_videos/dl-p2Kb44B8.mp4,11
/home/chenj0g/medicnet/dataset/resize_videos/Dwj4qZcN2Cg.mp4,11
/home/chenj0g/medicnet/dataset/resize_videos/EAWVQWpgvUA.mp4,11
/home/chenj0g/medicnet/dataset/resize_videos/eIqBFOX5YTo.mp4,11
/home/chenj0g/medicnet/dataset/resize_videos/Fkev7W8rr3I.mp4,11
/home/chenj0g/medicnet/dataset/resize_videos/fZ3RyWrtjYM.mp4,11
/home/chenj0g/medicnet/dataset/resize_videos/GI9S9xdR5KI.mp4,11
/home/chenj0g/medicnet/dataset/resize_videos/gJDGLzKcqyU.mp4,11
/home/chenj0g/medicnet/dataset/resize_videos/GnoMoLePRvE.mp4,11
/home/chenj0g/medicnet/dataset/resize_videos/gNuqWwOeG5g.mp4,11
/home/chenj0g/medicnet/dataset/resize_videos/GSM9EYqf93A.mp4,11
/home/chenj0g/medicnet/dataset/resize_videos/Hr01KkJvKYA.mp4,11
/home/chenj0g/medicnet/dataset/resize_videos/Jn8QxcBTI20.mp4,11
/home/chenj0g/medicnet/dataset/resize_videos/KlWqFDhEphc.mp4,11
/home/chenj0g/medicnet/dataset/resize_videos/koYdj0vemwQ.mp4,11
/home/chenj0g/medicnet/dataset/resize_videos/NC-Lult6iM8.mp4,11
/home/chenj0g/medicnet/dataset/resize_videos/ngYVqyOeqe4.mp4,11
/home/chenj0g/medicnet/dataset/resize_videos/nrw1s_Z47O0.mp4,11
/home/chenj0g/medicnet/dataset/resize_videos/ODmwCavm6kc.mp4,11
/home/chenj0g/medicnet/dataset/resize_videos/oFzfGZOYCDc.mp4,11
/home/chenj0g/medicnet/dataset/resize_videos/Pb3S-FuBwIM.mp4,11
/home/chenj0g/medicnet/dataset/resize_videos/-ged3dOpfK8.mp4,20
/home/chenj0g/medicnet/dataset/resize_videos/2M2gPCNunZw.mp4,20
/home/chenj0g/medicnet/dataset/resize_videos/abNuOlCTu-g.mp4,20
/home/chenj0g/medicnet/dataset/resize_videos/AMO52zk3AXk.mp4,20
/home/chenj0g/medicnet/dataset/resize_videos/BADeHh0xNME.mp4,20
/home/chenj0g/medicnet/dataset/resize_videos/BloOJGSZ2S8.mp4,20
/home/chenj0g/medicnet/dataset/resize_videos/D47KVB-oT98.mp4,20
/home/chenj0g/medicnet/dataset/resize_videos/DZVoNuBsjN8.mp4,20
/home/chenj0g/medicnet/dataset/resize_videos/EgFSMM3ReE4.mp4,20
/home/chenj0g/medicnet/dataset/resize_videos/EJ4_zTzzNbY.mp4,20
/home/chenj0g/medicnet/dataset/resize_videos/eUS8tJfDV6c.mp4,20
/home/chenj0g/medicnet/dataset/resize_videos/feVH2esO1FI.mp4,20
/home/chenj0g/medicnet/dataset/resize_videos/HknJP1qf-_0.mp4,20
/home/chenj0g/medicnet/dataset/resize_videos/I0TjUM8qYVs.mp4,20
/home/chenj0g/medicnet/dataset/resize_videos/If8ewVG8UZg.mp4,20
/home/chenj0g/medicnet/dataset/resize_videos/iIo5LtWfxrY.mp4,20
/home/chenj0g/medicnet/dataset/resize_videos/J-8WcSqVwq0.mp4,20
/home/chenj0g/medicnet/dataset/resize_videos/j5dwnDyxh4E.mp4,20
/home/chenj0g/medicnet/dataset/resize_videos/k0RbwgZbSAg.mp4,20
/home/chenj0g/medicnet/dataset/resize_videos/kKgJMY8QFis.mp4,20
/home/chenj0g/medicnet/dataset/resize_videos/nypJl5OQ34g.mp4,20
/home/chenj0g/medicnet/dataset/resize_videos/pF5MJIw9pt4.mp4,20
/home/chenj0g/medicnet/dataset/resize_videos/-hiZ75P9iyM.mp4,8
/home/chenj0g/medicnet/dataset/resize_videos/0vjVJuPik9k.mp4,8
/home/chenj0g/medicnet/dataset/resize_videos/1PqD-MYDV3g.mp4,8
/home/chenj0g/medicnet/dataset/resize_videos/1sje0zq-F10.mp4,8
/home/chenj0g/medicnet/dataset/resize_videos/2rZoIVf4pYY.mp4,8
/home/chenj0g/medicnet/dataset/resize_videos/6DCKEQVAFR8.mp4,8
/home/chenj0g/medicnet/dataset/resize_videos/724-cEL_Z6I.mp4,8
/home/chenj0g/medicnet/dataset/resize_videos/7s8W4dnsFQQ.mp4,8
/home/chenj0g/medicnet/dataset/resize_videos/aLoP1MG8aLA.mp4,8
/home/chenj0g/medicnet/dataset/resize_videos/ap1qFh-lS-8.mp4,8
/home/chenj0g/medicnet/dataset/resize_videos/aUkEBsZGfA4.mp4,8
/home/chenj0g/medicnet/dataset/resize_videos/Dy_OnvkVG5Q.mp4,8
/home/chenj0g/medicnet/dataset/resize_videos/eOsY84oYqKg.mp4,8
/home/chenj0g/medicnet/dataset/resize_videos/Evp5EETgGhI.mp4,8
/home/chenj0g/medicnet/dataset/resize_videos/FplYx3s8uEg.mp4,8
/home/chenj0g/medicnet/dataset/resize_videos/G69MHKMNzFY.mp4,8
/home/chenj0g/medicnet/dataset/resize_videos/ieTSyTRlyLY.mp4,8
/home/chenj0g/medicnet/dataset/resize_videos/ijuoM54oCao.mp4,8
/home/chenj0g/medicnet/dataset/resize_videos/ilbYTM2tnpE.mp4,8
/home/chenj0g/medicnet/dataset/resize_videos/jdL_GmE84Pw.mp4,8
/home/chenj0g/medicnet/dataset/resize_videos/JK5rb6acQvY.mp4,8
/home/chenj0g/medicnet/dataset/resize_videos/kX4D3LLDvIk.mp4,8
/home/chenj0g/medicnet/dataset/resize_videos/li4m2dCN7bI.mp4,8
/home/chenj0g/medicnet/dataset/resize_videos/LiSDivNECTs.mp4,8
/home/chenj0g/medicnet/dataset/resize_videos/mMcz8jeAvIY.mp4,8
/home/chenj0g/medicnet/dataset/resize_videos/mrRVEiyEO6M.mp4,8
/home/chenj0g/medicnet/dataset/resize_videos/mXaFmSQmC8E.mp4,8
/home/chenj0g/medicnet/dataset/resize_videos/NFYqYfzB9bQ.mp4,8
/home/chenj0g/medicnet/dataset/resize_videos/obdMG9wwcPE.mp4,8
/home/chenj0g/medicnet/dataset/resize_videos/OGhQITOzX_c.mp4,8
/home/chenj0g/medicnet/dataset/resize_videos/ok1TeEEBonk.mp4,8
/home/chenj0g/medicnet/dataset/resize_videos/OqSDh--PZig.mp4,8
/home/chenj0g/medicnet/dataset/resize_videos/p2h-6KERCyw.mp4,8
/home/chenj0g/medicnet/dataset/resize_videos/pDBQ_N-6rRE.mp4,8
/home/chenj0g/medicnet/dataset/resize_videos/pJrLxSVI-_A.mp4,8
/home/chenj0g/medicnet/dataset/resize_videos/q-Ax4tMtBYY.mp4,8
/home/chenj0g/medicnet/dataset/resize_videos/Q3a3w3GtbJQ.mp4,8
/home/chenj0g/medicnet/dataset/resize_videos/QPIJPAQNx-o.mp4,8
/home/chenj0g/medicnet/dataset/resize_videos/rMMpeLLgdgY.mp4,8
/home/chenj0g/medicnet/dataset/resize_videos/-JSu9M6Re4w.mp4,13
/home/chenj0g/medicnet/dataset/resize_videos/-zlNQfbrStg.mp4,13
/home/chenj0g/medicnet/dataset/resize_videos/0dUlnBGu4rY.mp4,13
/home/chenj0g/medicnet/dataset/resize_videos/0_qk_CrqRM4.mp4,13
/home/chenj0g/medicnet/dataset/resize_videos/1bNc2CgwU-4.mp4,13
/home/chenj0g/medicnet/dataset/resize_videos/2WsBzx82CnQ.mp4,13
/home/chenj0g/medicnet/dataset/resize_videos/31qBW0Imj_0.mp4,13
/home/chenj0g/medicnet/dataset/resize_videos/4zxgX9IpmMY.mp4,13
/home/chenj0g/medicnet/dataset/resize_videos/74kVE4Ixn8g.mp4,13
/home/chenj0g/medicnet/dataset/resize_videos/7yDymtT809s.mp4,13
/home/chenj0g/medicnet/dataset/resize_videos/9oeVA0nl0m0.mp4,13
/home/chenj0g/medicnet/dataset/resize_videos/cctNcVuGYfo.mp4,13
/home/chenj0g/medicnet/dataset/resize_videos/CIBf9EewvU0.mp4,13
/home/chenj0g/medicnet/dataset/resize_videos/cTSUeeG12Sk.mp4,13
/home/chenj0g/medicnet/dataset/resize_videos/DN4E4VunBAo.mp4,13
/home/chenj0g/medicnet/dataset/resize_videos/eDLHAN6u2yQ.mp4,13
/home/chenj0g/medicnet/dataset/resize_videos/EkcmabUBzyc.mp4,13
/home/chenj0g/medicnet/dataset/resize_videos/f6HtqolhKqo.mp4,13
/home/chenj0g/medicnet/dataset/resize_videos/FSTfAqQpsrI.mp4,13
/home/chenj0g/medicnet/dataset/resize_videos/gBEtcBmZsp8.mp4,13
/home/chenj0g/medicnet/dataset/resize_videos/gfJozntAqZo.mp4,13
/home/chenj0g/medicnet/dataset/resize_videos/gUWJ-6nL5-8.mp4,13
/home/chenj0g/medicnet/dataset/resize_videos/Inf44ssPIUA.mp4,13
/home/chenj0g/medicnet/dataset/resize_videos/JF-pIZsJvZQ.mp4,13
/home/chenj0g/medicnet/dataset/resize_videos/JpGuSxDQ8js.mp4,13
/home/chenj0g/medicnet/dataset/resize_videos/lowOxcK5JAA.mp4,13
/home/chenj0g/medicnet/dataset/resize_videos/m0xTVy6djRE.mp4,13
/home/chenj0g/medicnet/dataset/resize_videos/MEbsVeGnqJo.mp4,13
/home/chenj0g/medicnet/dataset/resize_videos/n4xISnZRmkY.mp4,13
/home/chenj0g/medicnet/dataset/resize_videos/o0zEmaGBgBY.mp4,13
/home/chenj0g/medicnet/dataset/resize_videos/ovxMconfxRo.mp4,13
/home/chenj0g/medicnet/dataset/resize_videos/-k2pgWCPmsc.mp4,23
/home/chenj0g/medicnet/dataset/resize_videos/-zT0oDRiz6E.mp4,23
/home/chenj0g/medicnet/dataset/resize_videos/01D17PnsGpA.mp4,23
/home/chenj0g/medicnet/dataset/resize_videos/4eHQ5KmOZaM.mp4,23
/home/chenj0g/medicnet/dataset/resize_videos/5Cid7q9_Uq0.mp4,23
/home/chenj0g/medicnet/dataset/resize_videos/6-33XEnm3to.mp4,23
/home/chenj0g/medicnet/dataset/resize_videos/6eY9QGkbmlU.mp4,23
/home/chenj0g/medicnet/dataset/resize_videos/AkeRnPUGdv0.mp4,23
/home/chenj0g/medicnet/dataset/resize_videos/BJXsXISIQhk.mp4,23
/home/chenj0g/medicnet/dataset/resize_videos/cEWXs-UmOuA.mp4,23
/home/chenj0g/medicnet/dataset/resize_videos/CNjDXnLcVfA.mp4,23
/home/chenj0g/medicnet/dataset/resize_videos/crCCyOlDY3w.mp4,23
/home/chenj0g/medicnet/dataset/resize_videos/FbTEEN7p-p4.mp4,23
/home/chenj0g/medicnet/dataset/resize_videos/InngTKk9zJg.mp4,23
/home/chenj0g/medicnet/dataset/resize_videos/J9L26AxMLEw.mp4,23
/home/chenj0g/medicnet/dataset/resize_videos/KdPIAgInIGU.mp4,23
/home/chenj0g/medicnet/dataset/resize_videos/lS1PN8Fdd4Y.mp4,23
/home/chenj0g/medicnet/dataset/resize_videos/M7ZMSsUm2pM.mp4,23
/home/chenj0g/medicnet/dataset/resize_videos/P8s4vpliKs4.mp4,23
/home/chenj0g/medicnet/dataset/resize_videos/-l635D0n-kk.mp4,15
/home/chenj0g/medicnet/dataset/resize_videos/74ttY4-QlIE.mp4,15
/home/chenj0g/medicnet/dataset/resize_videos/8MPdw-0HbTg.mp4,15
/home/chenj0g/medicnet/dataset/resize_videos/9JLVK138A4U.mp4,15
/home/chenj0g/medicnet/dataset/resize_videos/9XkOssKciqU.mp4,15
/home/chenj0g/medicnet/dataset/resize_videos/ajDGW_bOm5Y.mp4,15
/home/chenj0g/medicnet/dataset/resize_videos/b6c4-U6Z1RI.mp4,15
/home/chenj0g/medicnet/dataset/resize_videos/BfP1yZevi1c.mp4,15
/home/chenj0g/medicnet/dataset/resize_videos/CbwhqSnt54I.mp4,15
/home/chenj0g/medicnet/dataset/resize_videos/cmUXo4Crrm0.mp4,15
/home/chenj0g/medicnet/dataset/resize_videos/DBulVOm5LGk.mp4,15
/home/chenj0g/medicnet/dataset/resize_videos/DFAHKL_l6KE.mp4,15
/home/chenj0g/medicnet/dataset/resize_videos/DhfyYXvszBU.mp4,15
/home/chenj0g/medicnet/dataset/resize_videos/DPbxUe4qyyE.mp4,15
/home/chenj0g/medicnet/dataset/resize_videos/fGsYDa3bzzI.mp4,15
/home/chenj0g/medicnet/dataset/resize_videos/GOli8l0nco4.mp4,15
/home/chenj0g/medicnet/dataset/resize_videos/HnYm7y7jsMY.mp4,15
/home/chenj0g/medicnet/dataset/resize_videos/IcAIaBzQrkI.mp4,15
/home/chenj0g/medicnet/dataset/resize_videos/KrcBZCqx37k.mp4,15
/home/chenj0g/medicnet/dataset/resize_videos/lA9xa01b-Ds.mp4,15
/home/chenj0g/medicnet/dataset/resize_videos/lz3JDsDHmxA.mp4,15
/home/chenj0g/medicnet/dataset/resize_videos/nDo7JJHvve4.mp4,15
/home/chenj0g/medicnet/dataset/resize_videos/Ob6TYXo6CxI.mp4,15
/home/chenj0g/medicnet/dataset/resize_videos/ODfGbQ-qsak.mp4,15
/home/chenj0g/medicnet/dataset/resize_videos/oT-6ZF1r1fw.mp4,15
/home/chenj0g/medicnet/dataset/resize_videos/PAMMlaYVIZo.mp4,15
/home/chenj0g/medicnet/dataset/resize_videos/PvhEjE0Z3tk.mp4,15
/home/chenj0g/medicnet/dataset/resize_videos/QbGUPetvj84.mp4,15
/home/chenj0g/medicnet/dataset/resize_videos/QjlSrL6ZfhU.mp4,15
/home/chenj0g/medicnet/dataset/resize_videos/qXOySyYARRg.mp4,15
/home/chenj0g/medicnet/dataset/resize_videos/-MsywHWz1Z0.mp4,38
/home/chenj0g/medicnet/dataset/resize_videos/4UvjeoJGgV4.mp4,38
/home/chenj0g/medicnet/dataset/resize_videos/98ftIyS59lw.mp4,38
/home/chenj0g/medicnet/dataset/resize_videos/9FvUsjje8ic.mp4,38
/home/chenj0g/medicnet/dataset/resize_videos/9i2oJR_1ZXs.mp4,38
/home/chenj0g/medicnet/dataset/resize_videos/Adcba-WMbEE.mp4,38
/home/chenj0g/medicnet/dataset/resize_videos/cQm4r5QFHBA.mp4,38
/home/chenj0g/medicnet/dataset/resize_videos/ehAp300c0e8.mp4,38
/home/chenj0g/medicnet/dataset/resize_videos/FyHooK1u3pg.mp4,38
/home/chenj0g/medicnet/dataset/resize_videos/jKR8SwI0gFw.mp4,38
/home/chenj0g/medicnet/dataset/resize_videos/LhMRLPkxRu0.mp4,38
/home/chenj0g/medicnet/dataset/resize_videos/-NoC1rkNgnU.mp4,39
/home/chenj0g/medicnet/dataset/resize_videos/-uyBJ0nv4oI.mp4,39
/home/chenj0g/medicnet/dataset/resize_videos/2oztxG2wEVU.mp4,39
/home/chenj0g/medicnet/dataset/resize_videos/3OjroDjmskM.mp4,39
/home/chenj0g/medicnet/dataset/resize_videos/6jbVcMgN_HI.mp4,39
/home/chenj0g/medicnet/dataset/resize_videos/8uXhDt79KNQ.mp4,39
/home/chenj0g/medicnet/dataset/resize_videos/AgVZ3p8OJ0A.mp4,39
/home/chenj0g/medicnet/dataset/resize_videos/ayf3coj_zMQ.mp4,39
/home/chenj0g/medicnet/dataset/resize_videos/HXI1V2VEkSA.mp4,39
/home/chenj0g/medicnet/dataset/resize_videos/kC_97FdzxUY.mp4,39
/home/chenj0g/medicnet/dataset/resize_videos/-qXC-IUT7Hk.mp4,26
/home/chenj0g/medicnet/dataset/resize_videos/0a3B_9RNCPQ.mp4,26
/home/chenj0g/medicnet/dataset/resize_videos/0vtVEtVXVz4.mp4,26
/home/chenj0g/medicnet/dataset/resize_videos/4Qil5I1XLZ8.mp4,26
/home/chenj0g/medicnet/dataset/resize_videos/5EVZHPaszAI.mp4,26
/home/chenj0g/medicnet/dataset/resize_videos/7Ps9jswWgbw.mp4,26
/home/chenj0g/medicnet/dataset/resize_videos/8WU3Q0_dYXY.mp4,26
/home/chenj0g/medicnet/dataset/resize_videos/cTwCK3dRV90.mp4,26
/home/chenj0g/medicnet/dataset/resize_videos/d6JZXKg79yA.mp4,26
/home/chenj0g/medicnet/dataset/resize_videos/DzDDgK_PdR4.mp4,26
/home/chenj0g/medicnet/dataset/resize_videos/f6N38hfD4o4.mp4,26
/home/chenj0g/medicnet/dataset/resize_videos/fu6kGcDpPWU.mp4,26
/home/chenj0g/medicnet/dataset/resize_videos/GrJWPityMfc.mp4,26
/home/chenj0g/medicnet/dataset/resize_videos/hcPB2R1o0T0.mp4,26
/home/chenj0g/medicnet/dataset/resize_videos/IhlG2J2PAbs.mp4,26
/home/chenj0g/medicnet/dataset/resize_videos/KCkXJZP9MNw.mp4,26
/home/chenj0g/medicnet/dataset/resize_videos/kRDMBQEL4I0.mp4,26
/home/chenj0g/medicnet/dataset/resize_videos/L2vZDVY0Wro.mp4,26
/home/chenj0g/medicnet/dataset/resize_videos/-QznLhQqdHI.mp4,34
/home/chenj0g/medicnet/dataset/resize_videos/1nDjNf8YXlE.mp4,34
/home/chenj0g/medicnet/dataset/resize_videos/2R2CzkzVdL0.mp4,34
/home/chenj0g/medicnet/dataset/resize_videos/Af4CT12J8GI.mp4,34
/home/chenj0g/medicnet/dataset/resize_videos/bZWr4lidwaM.mp4,34
/home/chenj0g/medicnet/dataset/resize_videos/C4uRBT4IxWk.mp4,34
/home/chenj0g/medicnet/dataset/resize_videos/dGV5XWzPF9Y.mp4,34
/home/chenj0g/medicnet/dataset/resize_videos/DyHsx_AOrzI.mp4,34
/home/chenj0g/medicnet/dataset/resize_videos/fOeg8IofzV0.mp4,34
/home/chenj0g/medicnet/dataset/resize_videos/FQJmw7b-ylI.mp4,34
/home/chenj0g/medicnet/dataset/resize_videos/Fs5P2Ptz3Vg.mp4,34
/home/chenj0g/medicnet/dataset/resize_videos/Il0iJUNnq7k.mp4,34
/home/chenj0g/medicnet/dataset/resize_videos/-SZbLkUKfAc.mp4,22
/home/chenj0g/medicnet/dataset/resize_videos/06wv8JmNyy8.mp4,22
/home/chenj0g/medicnet/dataset/resize_videos/1Onm7fJ0zYE.mp4,22
/home/chenj0g/medicnet/dataset/resize_videos/3iQ664gFHLw.mp4,22
/home/chenj0g/medicnet/dataset/resize_videos/5q4APWu8FDY.mp4,22
/home/chenj0g/medicnet/dataset/resize_videos/9VKox-wy4fU.mp4,22
/home/chenj0g/medicnet/dataset/resize_videos/C7r2LlGqrcE.mp4,22
/home/chenj0g/medicnet/dataset/resize_videos/CyczQoe3MiQ.mp4,22
/home/chenj0g/medicnet/dataset/resize_videos/GWVtHjR5Psw.mp4,22
/home/chenj0g/medicnet/dataset/resize_videos/hAoVAxErpsE.mp4,22
/home/chenj0g/medicnet/dataset/resize_videos/hYXYcOHT6aE.mp4,22
/home/chenj0g/medicnet/dataset/resize_videos/IiueXfhu4D0.mp4,22
/home/chenj0g/medicnet/dataset/resize_videos/j5GYMOvjjtk.mp4,22
/home/chenj0g/medicnet/dataset/resize_videos/jnTdshj2r4g.mp4,22
/home/chenj0g/medicnet/dataset/resize_videos/LcaiMHduqPc.mp4,22
/home/chenj0g/medicnet/dataset/resize_videos/LlGYef6PhGw.mp4,22
/home/chenj0g/medicnet/dataset/resize_videos/lMTI6MtL1wU.mp4,22
/home/chenj0g/medicnet/dataset/resize_videos/mCQCLkAcn0Y.mp4,22
/home/chenj0g/medicnet/dataset/resize_videos/oJ8cE0-xGF0.mp4,22
/home/chenj0g/medicnet/dataset/resize_videos/OWK9Ut3PA1k.mp4,22
/home/chenj0g/medicnet/dataset/resize_videos/Px-JGoUNN6U.mp4,22
/home/chenj0g/medicnet/dataset/resize_videos/-UZx2zSTfdo.mp4,9
/home/chenj0g/medicnet/dataset/resize_videos/1fV0Y5QLzLQ.mp4,9
/home/chenj0g/medicnet/dataset/resize_videos/29wOwkW7-ME.mp4,9
/home/chenj0g/medicnet/dataset/resize_videos/2tjFVGih71A.mp4,9
/home/chenj0g/medicnet/dataset/resize_videos/660fOrTJnCc.mp4,9
/home/chenj0g/medicnet/dataset/resize_videos/7OGnuOkTDsU.mp4,9
/home/chenj0g/medicnet/dataset/resize_videos/9MMc5A0MMWg.mp4,9
/home/chenj0g/medicnet/dataset/resize_videos/AvbxofLe-MI.mp4,9
/home/chenj0g/medicnet/dataset/resize_videos/bctTKygOj6o.mp4,9
/home/chenj0g/medicnet/dataset/resize_videos/bnMRJzhF2lI.mp4,9
/home/chenj0g/medicnet/dataset/resize_videos/BXWkN_YAMnA.mp4,9
/home/chenj0g/medicnet/dataset/resize_videos/CJrrnLxe3lc.mp4,9
/home/chenj0g/medicnet/dataset/resize_videos/DKXMxzegPAE.mp4,9
/home/chenj0g/medicnet/dataset/resize_videos/eEyTzVbpG3w.mp4,9
/home/chenj0g/medicnet/dataset/resize_videos/eHw1ICKt8sE.mp4,9
/home/chenj0g/medicnet/dataset/resize_videos/ex90Nui_S5k.mp4,9
/home/chenj0g/medicnet/dataset/resize_videos/f2oyLPHXNT8.mp4,9
/home/chenj0g/medicnet/dataset/resize_videos/g9F8cTZ4eDQ.mp4,9
/home/chenj0g/medicnet/dataset/resize_videos/h1L4gag4xnE.mp4,9
/home/chenj0g/medicnet/dataset/resize_videos/IRwKri1rqpU.mp4,9
/home/chenj0g/medicnet/dataset/resize_videos/jQkZvGXgNDs.mp4,9
/home/chenj0g/medicnet/dataset/resize_videos/JvMFjGjnBJc.mp4,9
/home/chenj0g/medicnet/dataset/resize_videos/jX6rIhIXu1k.mp4,9
/home/chenj0g/medicnet/dataset/resize_videos/K4rGww6FGMg.mp4,9
/home/chenj0g/medicnet/dataset/resize_videos/kUXumDhW_tc.mp4,9
/home/chenj0g/medicnet/dataset/resize_videos/Lfe8MgI8eTw.mp4,9
/home/chenj0g/medicnet/dataset/resize_videos/LTFWGGL859w.mp4,9
/home/chenj0g/medicnet/dataset/resize_videos/LUDic-RyUT8.mp4,9
/home/chenj0g/medicnet/dataset/resize_videos/mtpVrWkO8iE.mp4,9
/home/chenj0g/medicnet/dataset/resize_videos/o79esR_TQxk.mp4,9
/home/chenj0g/medicnet/dataset/resize_videos/onfb5EX23bo.mp4,9
/home/chenj0g/medicnet/dataset/resize_videos/oYUa-BtQnvE.mp4,9
/home/chenj0g/medicnet/dataset/resize_videos/PrwADKcE-ts.mp4,9
/home/chenj0g/medicnet/dataset/resize_videos/QcxSQ6VaqfY.mp4,9
/home/chenj0g/medicnet/dataset/resize_videos/qiuQaa1F5j0.mp4,9
/home/chenj0g/medicnet/dataset/resize_videos/r0boh-NbFYY.mp4,9
/home/chenj0g/medicnet/dataset/resize_videos/rISS-nR_Ug4.mp4,9
/home/chenj0g/medicnet/dataset/resize_videos/-XBAxsIcQs8.mp4,17
/home/chenj0g/medicnet/dataset/resize_videos/-Yst1qShEbo.mp4,17
/home/chenj0g/medicnet/dataset/resize_videos/0MIQLk4nwms.mp4,17
/home/chenj0g/medicnet/dataset/resize_videos/1K7alb7Ne_A.mp4,17
/home/chenj0g/medicnet/dataset/resize_videos/32zHF9Yvyp0.mp4,17
/home/chenj0g/medicnet/dataset/resize_videos/6ZX6F1PUUe0.mp4,17
/home/chenj0g/medicnet/dataset/resize_videos/ag5-goiMNsQ.mp4,17
/home/chenj0g/medicnet/dataset/resize_videos/aNc7TR80tVo.mp4,17
/home/chenj0g/medicnet/dataset/resize_videos/cYzF4GOE8Fo.mp4,17
/home/chenj0g/medicnet/dataset/resize_videos/d-SGsAN22lU.mp4,17
/home/chenj0g/medicnet/dataset/resize_videos/EAjzt1M4ueU.mp4,17
/home/chenj0g/medicnet/dataset/resize_videos/ELWyxjy4jOo.mp4,17
/home/chenj0g/medicnet/dataset/resize_videos/E_IXck9171A.mp4,17
/home/chenj0g/medicnet/dataset/resize_videos/G1EOqEUyDEk.mp4,17
/home/chenj0g/medicnet/dataset/resize_videos/GWBrbvIhncw.mp4,17
/home/chenj0g/medicnet/dataset/resize_videos/HU7ZXAmL8vo.mp4,17
/home/chenj0g/medicnet/dataset/resize_videos/I9SR2wleAwk.mp4,17
/home/chenj0g/medicnet/dataset/resize_videos/IFHriQpQB50.mp4,17
/home/chenj0g/medicnet/dataset/resize_videos/kpvuGfHEz90.mp4,17
/home/chenj0g/medicnet/dataset/resize_videos/KvNo4ITlaDw.mp4,17
/home/chenj0g/medicnet/dataset/resize_videos/lPWGq3p9KdU.mp4,17
/home/chenj0g/medicnet/dataset/resize_videos/mekhnm2-NZY.mp4,17
/home/chenj0g/medicnet/dataset/resize_videos/msPBI-LVJ1o.mp4,17
/home/chenj0g/medicnet/dataset/resize_videos/oAV7ZzoYNss.mp4,17
/home/chenj0g/medicnet/dataset/resize_videos/QllyroV4kIU.mp4,17
/home/chenj0g/medicnet/dataset/resize_videos/-Y2wMe48BfI.mp4,14
/home/chenj0g/medicnet/dataset/resize_videos/02PqJ8iPLxQ.mp4,14
/home/chenj0g/medicnet/dataset/resize_videos/0fJPgUFJLcQ.mp4,14
/home/chenj0g/medicnet/dataset/resize_videos/0t2t6Lh-k3U.mp4,14
/home/chenj0g/medicnet/dataset/resize_videos/1_2u8oNloBs.mp4,14
/home/chenj0g/medicnet/dataset/resize_videos/3GO_A7O8ILg.mp4,14
/home/chenj0g/medicnet/dataset/resize_videos/3RCUz_d9XQQ.mp4,14
/home/chenj0g/medicnet/dataset/resize_videos/5egAHIPiGlY.mp4,14
/home/chenj0g/medicnet/dataset/resize_videos/6s27NmJQi70.mp4,14
/home/chenj0g/medicnet/dataset/resize_videos/9sFPahcX7z0.mp4,14
/home/chenj0g/medicnet/dataset/resize_videos/bE4MZ6NQhsA.mp4,14
/home/chenj0g/medicnet/dataset/resize_videos/bRPSi32Gcw4.mp4,14
/home/chenj0g/medicnet/dataset/resize_videos/EJD6BT-zPHU.mp4,14
/home/chenj0g/medicnet/dataset/resize_videos/fJBcBEBcKKg.mp4,14
/home/chenj0g/medicnet/dataset/resize_videos/Gds4pc2E8cw.mp4,14
/home/chenj0g/medicnet/dataset/resize_videos/h7J28x6fRaQ.mp4,14
/home/chenj0g/medicnet/dataset/resize_videos/iQCLPg5f3tE.mp4,14
/home/chenj0g/medicnet/dataset/resize_videos/j2iuJUSaUT0.mp4,14
/home/chenj0g/medicnet/dataset/resize_videos/ljJnlOOAkXQ.mp4,14
/home/chenj0g/medicnet/dataset/resize_videos/mXn3f-o-l_M.mp4,14
/home/chenj0g/medicnet/dataset/resize_videos/NAleiCTByWc.mp4,14
/home/chenj0g/medicnet/dataset/resize_videos/NPDxtgCLBmY.mp4,14
/home/chenj0g/medicnet/dataset/resize_videos/NxHCozu-sBM.mp4,14
/home/chenj0g/medicnet/dataset/resize_videos/nZxbfboIRvU.mp4,14
/home/chenj0g/medicnet/dataset/resize_videos/p0ydXpe9QDI.mp4,14
/home/chenj0g/medicnet/dataset/resize_videos/pN1tZo4eaOM.mp4,14
/home/chenj0g/medicnet/dataset/resize_videos/R5JTKMWCzQ0.mp4,14
/home/chenj0g/medicnet/dataset/resize_videos/rHt_bX0MfQ8.mp4,14
/home/chenj0g/medicnet/dataset/resize_videos/RSpxA3MwdVc.mp4,14
/home/chenj0g/medicnet/dataset/resize_videos/S3uPFcU4qRo.mp4,14
/home/chenj0g/medicnet/dataset/resize_videos/-_OkMf_umyE.mp4,12
/home/chenj0g/medicnet/dataset/resize_videos/34TOon0KiPQ.mp4,12
/home/chenj0g/medicnet/dataset/resize_videos/5FUnepktYxE.mp4,12
/home/chenj0g/medicnet/dataset/resize_videos/5SJxq-D6-Bk.mp4,12
/home/chenj0g/medicnet/dataset/resize_videos/5wxGEfY9egw.mp4,12
/home/chenj0g/medicnet/dataset/resize_videos/6Ayxz5p7GBs.mp4,12
/home/chenj0g/medicnet/dataset/resize_videos/7Bm_BwZrq6c.mp4,12
/home/chenj0g/medicnet/dataset/resize_videos/95lKeVet2qQ.mp4,12
/home/chenj0g/medicnet/dataset/resize_videos/arqG_2ftfOY.mp4,12
/home/chenj0g/medicnet/dataset/resize_videos/bVbBCtiFIPU.mp4,12
/home/chenj0g/medicnet/dataset/resize_videos/cbT18UtpGJQ.mp4,12
/home/chenj0g/medicnet/dataset/resize_videos/Dngvez7MLiM.mp4,12
/home/chenj0g/medicnet/dataset/resize_videos/F5MRDLajCz0.mp4,12
/home/chenj0g/medicnet/dataset/resize_videos/FjHtL7gIQLk.mp4,12
/home/chenj0g/medicnet/dataset/resize_videos/fY7SAR5RXbY.mp4,12
/home/chenj0g/medicnet/dataset/resize_videos/fyDyN2PRNGU.mp4,12
/home/chenj0g/medicnet/dataset/resize_videos/hVwmifJdlfg.mp4,12
/home/chenj0g/medicnet/dataset/resize_videos/i4qwUWVR0ik.mp4,12
/home/chenj0g/medicnet/dataset/resize_videos/I4U5qBSdUb0.mp4,12
/home/chenj0g/medicnet/dataset/resize_videos/I5qc5frLypE.mp4,12
/home/chenj0g/medicnet/dataset/resize_videos/jaAehsIKB40.mp4,12
/home/chenj0g/medicnet/dataset/resize_videos/jmkX612KfQE.mp4,12
/home/chenj0g/medicnet/dataset/resize_videos/JNoEDzEMzYw.mp4,12
/home/chenj0g/medicnet/dataset/resize_videos/KImmBXpM7js.mp4,12
/home/chenj0g/medicnet/dataset/resize_videos/nf-WaUkzTGc.mp4,12
/home/chenj0g/medicnet/dataset/resize_videos/oPH-8S-d9Dw.mp4,12
/home/chenj0g/medicnet/dataset/resize_videos/OQYI20QZhRg.mp4,12
/home/chenj0g/medicnet/dataset/resize_videos/O_0pglA201U.mp4,12
/home/chenj0g/medicnet/dataset/resize_videos/pbmC27Z3kuc.mp4,12
/home/chenj0g/medicnet/dataset/resize_videos/PDbkTqHgziA.mp4,12
/home/chenj0g/medicnet/dataset/resize_videos/poKa9lU4Pxs.mp4,12
/home/chenj0g/medicnet/dataset/resize_videos/qoaSvUkPDWk.mp4,12
/home/chenj0g/medicnet/dataset/resize_videos/07wJDVB95dI.mp4,16
/home/chenj0g/medicnet/dataset/resize_videos/1OakmxZDa5c.mp4,16
/home/chenj0g/medicnet/dataset/resize_videos/25efi9K5eOQ.mp4,16
/home/chenj0g/medicnet/dataset/resize_videos/3yA1e4RFlfg.mp4,16
/home/chenj0g/medicnet/dataset/resize_videos/44mJ9VUsGHM.mp4,16
/home/chenj0g/medicnet/dataset/resize_videos/4GpXy_srgRs.mp4,16
/home/chenj0g/medicnet/dataset/resize_videos/6n--CYH4Pw4.mp4,16
/home/chenj0g/medicnet/dataset/resize_videos/8PZqdLjy5Tc.mp4,16
/home/chenj0g/medicnet/dataset/resize_videos/99TlXo46g0I.mp4,16
/home/chenj0g/medicnet/dataset/resize_videos/aQYQtmzkd28.mp4,16
/home/chenj0g/medicnet/dataset/resize_videos/BWph-kU5VcM.mp4,16
/home/chenj0g/medicnet/dataset/resize_videos/CgNZLuHrV0o.mp4,16
/home/chenj0g/medicnet/dataset/resize_videos/fwvVdw3tzg0.mp4,16
/home/chenj0g/medicnet/dataset/resize_videos/gt6PsX4upCU.mp4,16
/home/chenj0g/medicnet/dataset/resize_videos/IIeq4I3pwHA.mp4,16
/home/chenj0g/medicnet/dataset/resize_videos/JGOFzgtKvXM.mp4,16
/home/chenj0g/medicnet/dataset/resize_videos/kZ6i3JSqE8w.mp4,16
/home/chenj0g/medicnet/dataset/resize_videos/M66jTwPBL9Q.mp4,16
/home/chenj0g/medicnet/dataset/resize_videos/NJib85nKy5k.mp4,16
/home/chenj0g/medicnet/dataset/resize_videos/nUjRM_ya1m4.mp4,16
/home/chenj0g/medicnet/dataset/resize_videos/s89pcR9TzFc.mp4,16
/home/chenj0g/medicnet/dataset/resize_videos/SDl6psYRA_0.mp4,16
/home/chenj0g/medicnet/dataset/resize_videos/sgiGXaeT-EU.mp4,16
/home/chenj0g/medicnet/dataset/resize_videos/SPxisxSv-dM.mp4,16
/home/chenj0g/medicnet/dataset/resize_videos/TS_AG7lHr3E.mp4,16
/home/chenj0g/medicnet/dataset/resize_videos/U8kUTZXyDfU.mp4,16
/home/chenj0g/medicnet/dataset/resize_videos/ucpj5J7H9jA.mp4,16
/home/chenj0g/medicnet/dataset/resize_videos/08eXvhJZprk.mp4,27
/home/chenj0g/medicnet/dataset/resize_videos/0xT5mfWrW_I.mp4,27
/home/chenj0g/medicnet/dataset/resize_videos/48M_CwJE7Z0.mp4,27
/home/chenj0g/medicnet/dataset/resize_videos/4fQUQ94fPYM.mp4,27
/home/chenj0g/medicnet/dataset/resize_videos/77XNYG1twd4.mp4,27
/home/chenj0g/medicnet/dataset/resize_videos/8BaeLRCb0B4.mp4,27
/home/chenj0g/medicnet/dataset/resize_videos/ae1lL3GLVdM.mp4,27
/home/chenj0g/medicnet/dataset/resize_videos/AGnKuYiN1Bg.mp4,27
/home/chenj0g/medicnet/dataset/resize_videos/aV9JJSTU6Ak.mp4,27
/home/chenj0g/medicnet/dataset/resize_videos/BLoV1TTTe9Y.mp4,27
/home/chenj0g/medicnet/dataset/resize_videos/dWE2jGv8-8E.mp4,27
/home/chenj0g/medicnet/dataset/resize_videos/GhqVaxDZZ1c.mp4,27
/home/chenj0g/medicnet/dataset/resize_videos/HWOadHxYUgA.mp4,27
/home/chenj0g/medicnet/dataset/resize_videos/KlRTtDJbyxQ.mp4,27
/home/chenj0g/medicnet/dataset/resize_videos/Lz3gtI1fDdk.mp4,27
/home/chenj0g/medicnet/dataset/resize_videos/NRp7xXLpyjc.mp4,27
/home/chenj0g/medicnet/dataset/resize_videos/OANJbkMy_Ss.mp4,27
/home/chenj0g/medicnet/dataset/resize_videos/P4JOSZbfrGM.mp4,27
/home/chenj0g/medicnet/dataset/resize_videos/0B4x_mHgVN4.mp4,5
/home/chenj0g/medicnet/dataset/resize_videos/1OgR_bJM_Zw.mp4,5
/home/chenj0g/medicnet/dataset/resize_videos/40ad0Iq23KA.mp4,5
/home/chenj0g/medicnet/dataset/resize_videos/40bZthiD2o0.mp4,5
/home/chenj0g/medicnet/dataset/resize_videos/4ntqS_R1r70.mp4,5
/home/chenj0g/medicnet/dataset/resize_videos/58Ku24EerKw.mp4,5
/home/chenj0g/medicnet/dataset/resize_videos/6zcsYUqaWCE.mp4,5
/home/chenj0g/medicnet/dataset/resize_videos/9LYBiLy_a-k.mp4,5
/home/chenj0g/medicnet/dataset/resize_videos/a1DFmgLJmMk.mp4,5
/home/chenj0g/medicnet/dataset/resize_videos/aN78RVfe0Js.mp4,5
/home/chenj0g/medicnet/dataset/resize_videos/aq8OwFaIQ4I.mp4,5
/home/chenj0g/medicnet/dataset/resize_videos/B7SWLiDjMvI.mp4,5
/home/chenj0g/medicnet/dataset/resize_videos/bNLtwX2LDQI.mp4,5
/home/chenj0g/medicnet/dataset/resize_videos/bnvs8IzCQqk.mp4,5
/home/chenj0g/medicnet/dataset/resize_videos/CEq6QWOHTlo.mp4,5
/home/chenj0g/medicnet/dataset/resize_videos/cHPUPBFVHaU.mp4,5
/home/chenj0g/medicnet/dataset/resize_videos/crSd9cVn0qo.mp4,5
/home/chenj0g/medicnet/dataset/resize_videos/D7FnXaoPwR0.mp4,5
/home/chenj0g/medicnet/dataset/resize_videos/enDCSfO4GRo.mp4,5
/home/chenj0g/medicnet/dataset/resize_videos/F88btEbzdw0.mp4,5
/home/chenj0g/medicnet/dataset/resize_videos/F98AtFqq2q4.mp4,5
/home/chenj0g/medicnet/dataset/resize_videos/Gj8z6bFOU24.mp4,5
/home/chenj0g/medicnet/dataset/resize_videos/hCbdqjnstXE.mp4,5
/home/chenj0g/medicnet/dataset/resize_videos/HxT7E14euZ8.mp4,5
/home/chenj0g/medicnet/dataset/resize_videos/IiB3ZV3FHdQ.mp4,5
/home/chenj0g/medicnet/dataset/resize_videos/JoGYWfM7UG0.mp4,5
/home/chenj0g/medicnet/dataset/resize_videos/Ki388Otp0U8.mp4,5
/home/chenj0g/medicnet/dataset/resize_videos/MYaFQFiVz4I.mp4,5
/home/chenj0g/medicnet/dataset/resize_videos/NG7E1OKqpIk.mp4,5
/home/chenj0g/medicnet/dataset/resize_videos/Nw2bLljtueg.mp4,5
/home/chenj0g/medicnet/dataset/resize_videos/O_c6g8fAMxs.mp4,5
/home/chenj0g/medicnet/dataset/resize_videos/PiZbnalFlww.mp4,5
/home/chenj0g/medicnet/dataset/resize_videos/Qdha875hRYs.mp4,5
/home/chenj0g/medicnet/dataset/resize_videos/qM_GS8Swk-k.mp4,5
/home/chenj0g/medicnet/dataset/resize_videos/R3Fx9G0r5iY.mp4,5
/home/chenj0g/medicnet/dataset/resize_videos/raiufF7FuQg.mp4,5
/home/chenj0g/medicnet/dataset/resize_videos/RCfmV_oW-Jc.mp4,5
/home/chenj0g/medicnet/dataset/resize_videos/rfRjmz5DvLw.mp4,5
/home/chenj0g/medicnet/dataset/resize_videos/ruhNNUsD4jk.mp4,5
/home/chenj0g/medicnet/dataset/resize_videos/rV1rttrlA08.mp4,5
/home/chenj0g/medicnet/dataset/resize_videos/SClSnPYIay0.mp4,5
/home/chenj0g/medicnet/dataset/resize_videos/si5p5QoINvA.mp4,5
/home/chenj0g/medicnet/dataset/resize_videos/0CCSV5QFgGo.mp4,21
/home/chenj0g/medicnet/dataset/resize_videos/2paEgKKEK5o.mp4,21
/home/chenj0g/medicnet/dataset/resize_videos/2Ux_m8iCgcU.mp4,21
/home/chenj0g/medicnet/dataset/resize_videos/3dTzfSRxRZc.mp4,21
/home/chenj0g/medicnet/dataset/resize_videos/9rDS5VK1Xqs.mp4,21
/home/chenj0g/medicnet/dataset/resize_videos/a4L_014Czao.mp4,21
/home/chenj0g/medicnet/dataset/resize_videos/cIx7mOV8FM8.mp4,21
/home/chenj0g/medicnet/dataset/resize_videos/cx5G1VdC9UA.mp4,21
/home/chenj0g/medicnet/dataset/resize_videos/cZ_eoeZx6kY.mp4,21
/home/chenj0g/medicnet/dataset/resize_videos/DNAtW0EVR9w.mp4,21
/home/chenj0g/medicnet/dataset/resize_videos/e49kAYjvMcQ.mp4,21
/home/chenj0g/medicnet/dataset/resize_videos/F0863luTyfA.mp4,21
/home/chenj0g/medicnet/dataset/resize_videos/GQbJ495g0nI.mp4,21
/home/chenj0g/medicnet/dataset/resize_videos/IZORhyAHhZs.mp4,21
/home/chenj0g/medicnet/dataset/resize_videos/KBDLtoPR140.mp4,21
/home/chenj0g/medicnet/dataset/resize_videos/MkvKYP9vLsE.mp4,21
/home/chenj0g/medicnet/dataset/resize_videos/Np90zUnCB-g.mp4,21
/home/chenj0g/medicnet/dataset/resize_videos/Nv8tTPsiFCA.mp4,21
/home/chenj0g/medicnet/dataset/resize_videos/QeZF3chcmIk.mp4,21
/home/chenj0g/medicnet/dataset/resize_videos/RH-gsrUwLrA.mp4,21
/home/chenj0g/medicnet/dataset/resize_videos/s1NiJOmyaLI.mp4,21
/home/chenj0g/medicnet/dataset/resize_videos/0cGHykGfO-U.mp4,10
/home/chenj0g/medicnet/dataset/resize_videos/1jOmhNgJNuY.mp4,10
/home/chenj0g/medicnet/dataset/resize_videos/1jw80-_vWtA.mp4,10
/home/chenj0g/medicnet/dataset/resize_videos/3lorXZWgnDI.mp4,10
/home/chenj0g/medicnet/dataset/resize_videos/41y1unGur-Q.mp4,10
/home/chenj0g/medicnet/dataset/resize_videos/47FjtSgpN4U.mp4,10
/home/chenj0g/medicnet/dataset/resize_videos/4B_rg5uTRIo.mp4,10
/home/chenj0g/medicnet/dataset/resize_videos/5FfVjiou_YE.mp4,10
/home/chenj0g/medicnet/dataset/resize_videos/7q6HHVy-bjw.mp4,10
/home/chenj0g/medicnet/dataset/resize_videos/9kOYDulwQv0.mp4,10
/home/chenj0g/medicnet/dataset/resize_videos/AI8jESrzqx0.mp4,10
/home/chenj0g/medicnet/dataset/resize_videos/B9LzzcN3JmE.mp4,10
/home/chenj0g/medicnet/dataset/resize_videos/BJ76KUwrn3I.mp4,10
/home/chenj0g/medicnet/dataset/resize_videos/cCgdYZoybhY.mp4,10
/home/chenj0g/medicnet/dataset/resize_videos/DbUNhWmKw4M.mp4,10
/home/chenj0g/medicnet/dataset/resize_videos/E844Aa1b5hg.mp4,10
/home/chenj0g/medicnet/dataset/resize_videos/EF84272YoPE.mp4,10
/home/chenj0g/medicnet/dataset/resize_videos/Fd8GDFzySQ8.mp4,10
/home/chenj0g/medicnet/dataset/resize_videos/g_1YRGKtQkU.mp4,10
/home/chenj0g/medicnet/dataset/resize_videos/HJh3Sro1e44.mp4,10
/home/chenj0g/medicnet/dataset/resize_videos/i9InFg2vGf8.mp4,10
/home/chenj0g/medicnet/dataset/resize_videos/JwSSrQzw5FM.mp4,10
/home/chenj0g/medicnet/dataset/resize_videos/K9cYoQ1BScI.mp4,10
/home/chenj0g/medicnet/dataset/resize_videos/l55OSJl6hIk.mp4,10
/home/chenj0g/medicnet/dataset/resize_videos/nkBTikaXrck.mp4,10
/home/chenj0g/medicnet/dataset/resize_videos/OdDDaVpHojg.mp4,10
/home/chenj0g/medicnet/dataset/resize_videos/orcK0EeVkgo.mp4,10
/home/chenj0g/medicnet/dataset/resize_videos/OY_W2-ZtPRU.mp4,10
/home/chenj0g/medicnet/dataset/resize_videos/PBeKnXxiblQ.mp4,10
/home/chenj0g/medicnet/dataset/resize_videos/Plu2rBU_Snc.mp4,10
/home/chenj0g/medicnet/dataset/resize_videos/PWMIqJRXx0Q.mp4,10
/home/chenj0g/medicnet/dataset/resize_videos/QizxF-7AVRQ.mp4,10
/home/chenj0g/medicnet/dataset/resize_videos/qzaPWudLatE.mp4,10
/home/chenj0g/medicnet/dataset/resize_videos/r9tBp-sKMbU.mp4,10
/home/chenj0g/medicnet/dataset/resize_videos/sAkzifd81rk.mp4,10
/home/chenj0g/medicnet/dataset/resize_videos/0h9Bj-OLSr0.mp4,40
/home/chenj0g/medicnet/dataset/resize_videos/0VGuYnlB2Yc.mp4,40
/home/chenj0g/medicnet/dataset/resize_videos/1f4VGwqUKYI.mp4,40
/home/chenj0g/medicnet/dataset/resize_videos/3kXnL0AQhYA.mp4,40
/home/chenj0g/medicnet/dataset/resize_videos/4rifH8nB48o.mp4,40
/home/chenj0g/medicnet/dataset/resize_videos/9ba1LjgPHGg.mp4,40
/home/chenj0g/medicnet/dataset/resize_videos/ARRfrFwC87M.mp4,40
/home/chenj0g/medicnet/dataset/resize_videos/Ez-dyu4gJEg.mp4,40
/home/chenj0g/medicnet/dataset/resize_videos/grtEi24r2b8.mp4,40
/home/chenj0g/medicnet/dataset/resize_videos/0IWzSE0ZSlE.mp4,32
/home/chenj0g/medicnet/dataset/resize_videos/57zApLuswoo.mp4,32
/home/chenj0g/medicnet/dataset/resize_videos/71LlfdW548U.mp4,32
/home/chenj0g/medicnet/dataset/resize_videos/8z44ryOVEEM.mp4,32
/home/chenj0g/medicnet/dataset/resize_videos/AuGRfsWTFnA.mp4,32
/home/chenj0g/medicnet/dataset/resize_videos/Doqwn0_xe8I.mp4,32
/home/chenj0g/medicnet/dataset/resize_videos/FMmoEUEiFVY.mp4,32
/home/chenj0g/medicnet/dataset/resize_videos/JjETsqPoCzA.mp4,32
/home/chenj0g/medicnet/dataset/resize_videos/l0nNt6GOEMM.mp4,32
/home/chenj0g/medicnet/dataset/resize_videos/m0yFpcqKAm4.mp4,32
/home/chenj0g/medicnet/dataset/resize_videos/n6l19CWi710.mp4,32
/home/chenj0g/medicnet/dataset/resize_videos/nany227g7to.mp4,32
/home/chenj0g/medicnet/dataset/resize_videos/nopgqBoUmYg.mp4,32
/home/chenj0g/medicnet/dataset/resize_videos/qvK05MslzKA.mp4,32
/home/chenj0g/medicnet/dataset/resize_videos/0LPkpY4KIkU.mp4,41
/home/chenj0g/medicnet/dataset/resize_videos/2sNV9dixX4o.mp4,41
/home/chenj0g/medicnet/dataset/resize_videos/6Er52I7LxPs.mp4,41
/home/chenj0g/medicnet/dataset/resize_videos/7l7hZVYkgto.mp4,41
/home/chenj0g/medicnet/dataset/resize_videos/CztDIt5nen8.mp4,41
/home/chenj0g/medicnet/dataset/resize_videos/jusD8raVyT4.mp4,41
/home/chenj0g/medicnet/dataset/resize_videos/Jwo92kqtUTg.mp4,41
/home/chenj0g/medicnet/dataset/resize_videos/kSHJ27s6Jsk.mp4,41
/home/chenj0g/medicnet/dataset/resize_videos/Nvrlfmg8QkY.mp4,41
/home/chenj0g/medicnet/dataset/resize_videos/0Oj4AsZruZk.mp4,42
/home/chenj0g/medicnet/dataset/resize_videos/1mfjSry8WUQ.mp4,42
/home/chenj0g/medicnet/dataset/resize_videos/8w-3h50E17Q.mp4,42
/home/chenj0g/medicnet/dataset/resize_videos/9Dgjirf3Dss.mp4,42
/home/chenj0g/medicnet/dataset/resize_videos/AqBOMERKS_4.mp4,42
/home/chenj0g/medicnet/dataset/resize_videos/IfNLtevR64c.mp4,42
/home/chenj0g/medicnet/dataset/resize_videos/OEWTy2FUIiA.mp4,42
/home/chenj0g/medicnet/dataset/resize_videos/qX7qRYKxN4g.mp4,42
/home/chenj0g/medicnet/dataset/resize_videos/rmht42iboYQ.mp4,42
/home/chenj0g/medicnet/dataset/resize_videos/0RcsKGEc-fw.mp4,28
/home/chenj0g/medicnet/dataset/resize_videos/0_XPg6jBVvY.mp4,28
/home/chenj0g/medicnet/dataset/resize_videos/2hAmWBEzFBU.mp4,28
/home/chenj0g/medicnet/dataset/resize_videos/9jAc3y6Gv4k.mp4,28
/home/chenj0g/medicnet/dataset/resize_videos/AnYWNPDKwjc.mp4,28
/home/chenj0g/medicnet/dataset/resize_videos/aZOYJigvPbI.mp4,28
/home/chenj0g/medicnet/dataset/resize_videos/B7SJ3QW5nik.mp4,28
/home/chenj0g/medicnet/dataset/resize_videos/C5lVMsrp33E.mp4,28
/home/chenj0g/medicnet/dataset/resize_videos/DlENkC5Zwg4.mp4,28
/home/chenj0g/medicnet/dataset/resize_videos/dS9H3EMxQJI.mp4,28
/home/chenj0g/medicnet/dataset/resize_videos/gTxix8KzjkQ.mp4,28
/home/chenj0g/medicnet/dataset/resize_videos/J9V8oVSIqXI.mp4,28
/home/chenj0g/medicnet/dataset/resize_videos/JEiHJoC6ChY.mp4,28
/home/chenj0g/medicnet/dataset/resize_videos/KPRlLx6-WKg.mp4,28
/home/chenj0g/medicnet/dataset/resize_videos/L8j9F0zm-4A.mp4,28
/home/chenj0g/medicnet/dataset/resize_videos/mtgdUp17Zx0.mp4,28
/home/chenj0g/medicnet/dataset/resize_videos/PqB19w4v_fc.mp4,28
/home/chenj0g/medicnet/dataset/resize_videos/prHuJ_74iZc.mp4,28
/home/chenj0g/medicnet/dataset/resize_videos/0tKSN4M_YZI.mp4,24
/home/chenj0g/medicnet/dataset/resize_videos/7F4nYxJgoJY.mp4,24
/home/chenj0g/medicnet/dataset/resize_videos/87mdfPOh_Rw.mp4,24
/home/chenj0g/medicnet/dataset/resize_videos/8PKKTwzxG7k.mp4,24
/home/chenj0g/medicnet/dataset/resize_videos/bmI0TI0M9D4.mp4,24
/home/chenj0g/medicnet/dataset/resize_videos/BQHKdSKK7kk.mp4,24
/home/chenj0g/medicnet/dataset/resize_videos/cbltQ7-EZJ0.mp4,24
/home/chenj0g/medicnet/dataset/resize_videos/cpnRZgCWIXU.mp4,24
/home/chenj0g/medicnet/dataset/resize_videos/dFebX7PCg3w.mp4,24
/home/chenj0g/medicnet/dataset/resize_videos/et4GjVERUR4.mp4,24
/home/chenj0g/medicnet/dataset/resize_videos/idL717ww3jE.mp4,24
/home/chenj0g/medicnet/dataset/resize_videos/kaJv3ap5y2g.mp4,24
/home/chenj0g/medicnet/dataset/resize_videos/KIDsL-6Y2G8.mp4,24
/home/chenj0g/medicnet/dataset/resize_videos/kvfiB4a5AHg.mp4,24
/home/chenj0g/medicnet/dataset/resize_videos/lB1-Rmlr4hg.mp4,24
/home/chenj0g/medicnet/dataset/resize_videos/lmzLNpyDnF4.mp4,24
/home/chenj0g/medicnet/dataset/resize_videos/Mn-iKqxvUyk.mp4,24
/home/chenj0g/medicnet/dataset/resize_videos/p3yBBNM3l4Y.mp4,24
/home/chenj0g/medicnet/dataset/resize_videos/qZpmrTBIiD0.mp4,24
/home/chenj0g/medicnet/dataset/resize_videos/11hwCe3w_UU.mp4,29
/home/chenj0g/medicnet/dataset/resize_videos/6Y4DDmlWtwo.mp4,29
/home/chenj0g/medicnet/dataset/resize_videos/a0RhbpehcQg.mp4,29
/home/chenj0g/medicnet/dataset/resize_videos/BwJL9FO6fMg.mp4,29
/home/chenj0g/medicnet/dataset/resize_videos/d97m4pNuBEI.mp4,29
/home/chenj0g/medicnet/dataset/resize_videos/dCyakRWH9a0.mp4,29
/home/chenj0g/medicnet/dataset/resize_videos/DxA2Nng_KBo.mp4,29
/home/chenj0g/medicnet/dataset/resize_videos/e61ASYkJIRw.mp4,29
/home/chenj0g/medicnet/dataset/resize_videos/eQzsy3NCFEs.mp4,29
/home/chenj0g/medicnet/dataset/resize_videos/HkeNWHeizbg.mp4,29
/home/chenj0g/medicnet/dataset/resize_videos/jDRvxKq8JzU.mp4,29
/home/chenj0g/medicnet/dataset/resize_videos/knuKaVRdR5k.mp4,29
/home/chenj0g/medicnet/dataset/resize_videos/mzkLYjDznPw.mp4,29
/home/chenj0g/medicnet/dataset/resize_videos/NU-J9jkNp8Q.mp4,29
/home/chenj0g/medicnet/dataset/resize_videos/PPm23MshGio.mp4,29
/home/chenj0g/medicnet/dataset/resize_videos/pXJDcHhQ_QE.mp4,29
/home/chenj0g/medicnet/dataset/resize_videos/S2TzVzgRyLY.mp4,29
/home/chenj0g/medicnet/dataset/resize_videos/25DJ1kvaN60.mp4,6
/home/chenj0g/medicnet/dataset/resize_videos/5-F_W5WYLKI.mp4,6
/home/chenj0g/medicnet/dataset/resize_videos/6BnxXcUxcBs.mp4,6
/home/chenj0g/medicnet/dataset/resize_videos/6ydbP1_C8rk.mp4,6
/home/chenj0g/medicnet/dataset/resize_videos/968cu9kFRPM.mp4,6
/home/chenj0g/medicnet/dataset/resize_videos/b26uL9PtfKE.mp4,6
/home/chenj0g/medicnet/dataset/resize_videos/b7WIr_JkgLQ.mp4,6
/home/chenj0g/medicnet/dataset/resize_videos/Ba55wzNxM2w.mp4,6
/home/chenj0g/medicnet/dataset/resize_videos/bFrFHy_JEDk.mp4,6
/home/chenj0g/medicnet/dataset/resize_videos/bGRpVOlkmSI.mp4,6
/home/chenj0g/medicnet/dataset/resize_videos/CosdRXJ9jAw.mp4,6
/home/chenj0g/medicnet/dataset/resize_videos/DhGuOzl5Aks.mp4,6
/home/chenj0g/medicnet/dataset/resize_videos/DJd02xCNNc0.mp4,6
/home/chenj0g/medicnet/dataset/resize_videos/DMh25N3Qa4Y.mp4,6
/home/chenj0g/medicnet/dataset/resize_videos/EDdzJnJyIdM.mp4,6
/home/chenj0g/medicnet/dataset/resize_videos/eylbjkgzFVk.mp4,6
/home/chenj0g/medicnet/dataset/resize_videos/fkBuY4iMK7E.mp4,6
/home/chenj0g/medicnet/dataset/resize_videos/FkyW7DoWHAM.mp4,6
/home/chenj0g/medicnet/dataset/resize_videos/fnBA9l-3liw.mp4,6
/home/chenj0g/medicnet/dataset/resize_videos/Gf9B_X02XWA.mp4,6
/home/chenj0g/medicnet/dataset/resize_videos/H0EtSorwGnU.mp4,6
/home/chenj0g/medicnet/dataset/resize_videos/hhl8qC8wf3M.mp4,6
/home/chenj0g/medicnet/dataset/resize_videos/hmCduOw52N4.mp4,6
/home/chenj0g/medicnet/dataset/resize_videos/hOc3uL4alwI.mp4,6
/home/chenj0g/medicnet/dataset/resize_videos/IccSohdKw5o.mp4,6
/home/chenj0g/medicnet/dataset/resize_videos/Ixzc6RJv3GM.mp4,6
/home/chenj0g/medicnet/dataset/resize_videos/jt7SYhALtPk.mp4,6
/home/chenj0g/medicnet/dataset/resize_videos/jx7SAKhFhHc.mp4,6
/home/chenj0g/medicnet/dataset/resize_videos/kCJWzRrD71M.mp4,6
/home/chenj0g/medicnet/dataset/resize_videos/ljSkvtnTlIo.mp4,6
/home/chenj0g/medicnet/dataset/resize_videos/MAikOv859sY.mp4,6
/home/chenj0g/medicnet/dataset/resize_videos/mHeETNVXeoY.mp4,6
/home/chenj0g/medicnet/dataset/resize_videos/MMuDoHHZyhI.mp4,6
/home/chenj0g/medicnet/dataset/resize_videos/N18GtJ7znh8.mp4,6
/home/chenj0g/medicnet/dataset/resize_videos/Nf1mw11UHAg.mp4,6
/home/chenj0g/medicnet/dataset/resize_videos/O6W7r7PzjMA.mp4,6
/home/chenj0g/medicnet/dataset/resize_videos/Obloj84_72k.mp4,6
/home/chenj0g/medicnet/dataset/resize_videos/oWjA-D0ugg8.mp4,6
/home/chenj0g/medicnet/dataset/resize_videos/PLk3Yfj3lM8.mp4,6
/home/chenj0g/medicnet/dataset/resize_videos/pnxRN_Yuyss.mp4,6
/home/chenj0g/medicnet/dataset/resize_videos/qzZD-XzxIMw.mp4,6
/home/chenj0g/medicnet/dataset/resize_videos/R5jd4SDEcsA.mp4,6
/home/chenj0g/medicnet/dataset/resize_videos/45C8N8mRKcc.mp4,49
/home/chenj0g/medicnet/dataset/resize_videos/9r1ShyTIJ90.mp4,49
/home/chenj0g/medicnet/dataset/resize_videos/SSFkoA3qt68.mp4,49
/home/chenj0g/medicnet/dataset/resize_videos/47dMHoWKpWI.mp4,33
/home/chenj0g/medicnet/dataset/resize_videos/4rQkQj3gv3Q.mp4,33
/home/chenj0g/medicnet/dataset/resize_videos/AdkoFiFrz7o.mp4,33
/home/chenj0g/medicnet/dataset/resize_videos/Ca-nhIeZxuo.mp4,33
/home/chenj0g/medicnet/dataset/resize_videos/CWEIWlqueBY.mp4,33
/home/chenj0g/medicnet/dataset/resize_videos/DALragCYQr8.mp4,33
/home/chenj0g/medicnet/dataset/resize_videos/GicBmU8bEIs.mp4,33
/home/chenj0g/medicnet/dataset/resize_videos/kJnHKsvBjho.mp4,33
/home/chenj0g/medicnet/dataset/resize_videos/nW35FpRBOFE.mp4,33
/home/chenj0g/medicnet/dataset/resize_videos/OAHG5xAeuZQ.mp4,33
/home/chenj0g/medicnet/dataset/resize_videos/oH7SorAES80.mp4,33
/home/chenj0g/medicnet/dataset/resize_videos/PEuYlcxUuHw.mp4,33
/home/chenj0g/medicnet/dataset/resize_videos/r2ZnKUawEsM.mp4,33
/home/chenj0g/medicnet/dataset/resize_videos/47UgIBUoR_A.mp4,30
/home/chenj0g/medicnet/dataset/resize_videos/4MVIhgbTOsk.mp4,30
/home/chenj0g/medicnet/dataset/resize_videos/6gc07xlcuWU.mp4,30
/home/chenj0g/medicnet/dataset/resize_videos/B02i_pL7CnA.mp4,30
/home/chenj0g/medicnet/dataset/resize_videos/bJ7ilV9872k.mp4,30
/home/chenj0g/medicnet/dataset/resize_videos/gYM6F3Yyzs0.mp4,30
/home/chenj0g/medicnet/dataset/resize_videos/HZEx6iNVDpw.mp4,30
/home/chenj0g/medicnet/dataset/resize_videos/I-y9hYJVHc0.mp4,30
/home/chenj0g/medicnet/dataset/resize_videos/iJvKxxn40zE.mp4,30
/home/chenj0g/medicnet/dataset/resize_videos/IKjNOP0W76I.mp4,30
/home/chenj0g/medicnet/dataset/resize_videos/ipliu022a3k.mp4,30
/home/chenj0g/medicnet/dataset/resize_videos/kLKJF1yy4T8.mp4,30
/home/chenj0g/medicnet/dataset/resize_videos/lgdj4hOEYuM.mp4,30
/home/chenj0g/medicnet/dataset/resize_videos/Lgjy-w7uv7o.mp4,30
/home/chenj0g/medicnet/dataset/resize_videos/PeEVL3aB-T0.mp4,30
/home/chenj0g/medicnet/dataset/resize_videos/rfCpegI5fHE.mp4,30
/home/chenj0g/medicnet/dataset/resize_videos/4eJAxp-gqn4.mp4,46
/home/chenj0g/medicnet/dataset/resize_videos/7XyfHY9iSWY.mp4,46
/home/chenj0g/medicnet/dataset/resize_videos/8j0fucgtSGM.mp4,46
/home/chenj0g/medicnet/dataset/resize_videos/GASkp3nW4ZI.mp4,46
/home/chenj0g/medicnet/dataset/resize_videos/4UdYawfe1R0.mp4,43
/home/chenj0g/medicnet/dataset/resize_videos/9OCVSsKJsdE.mp4,43
/home/chenj0g/medicnet/dataset/resize_videos/B1oCcX1BCrQ.mp4,43
/home/chenj0g/medicnet/dataset/resize_videos/cnp4XfHaQgE.mp4,43
/home/chenj0g/medicnet/dataset/resize_videos/LPKSw4VUhew.mp4,43
/home/chenj0g/medicnet/dataset/resize_videos/oRSDFuBCia0.mp4,43
/home/chenj0g/medicnet/dataset/resize_videos/5jci72lIJ-8.mp4,36
/home/chenj0g/medicnet/dataset/resize_videos/afFMH2lgH-U.mp4,36
/home/chenj0g/medicnet/dataset/resize_videos/azQ7tuTFmno.mp4,36
/home/chenj0g/medicnet/dataset/resize_videos/ClWyk7-Idq4.mp4,36
/home/chenj0g/medicnet/dataset/resize_videos/E3lxXZHSkdA.mp4,36
/home/chenj0g/medicnet/dataset/resize_videos/GtX9CV7-EIU.mp4,36
/home/chenj0g/medicnet/dataset/resize_videos/iONubn3sC98.mp4,36
/home/chenj0g/medicnet/dataset/resize_videos/kjYJfpQ1v5k.mp4,36
/home/chenj0g/medicnet/dataset/resize_videos/ms1ZwHe-g3A.mp4,36
/home/chenj0g/medicnet/dataset/resize_videos/mYr92slTr0k.mp4,36
/home/chenj0g/medicnet/dataset/resize_videos/Nc2zl2SeQNo.mp4,36
/home/chenj0g/medicnet/dataset/resize_videos/5qd1EONfJi4.mp4,18
/home/chenj0g/medicnet/dataset/resize_videos/86RzAgHu75U.mp4,18
/home/chenj0g/medicnet/dataset/resize_videos/8Ab1Z-c3EjU.mp4,18
/home/chenj0g/medicnet/dataset/resize_videos/8pKp9dnRX7c.mp4,18
/home/chenj0g/medicnet/dataset/resize_videos/8WEjKytxNxg.mp4,18
/home/chenj0g/medicnet/dataset/resize_videos/apJZq1vEjLQ.mp4,18
/home/chenj0g/medicnet/dataset/resize_videos/dAF1K6DR8i0.mp4,18
/home/chenj0g/medicnet/dataset/resize_videos/FifaSTgtaBU.mp4,18
/home/chenj0g/medicnet/dataset/resize_videos/G-RjMWCE3U4.mp4,18
/home/chenj0g/medicnet/dataset/resize_videos/hA52-4LDYng.mp4,18
/home/chenj0g/medicnet/dataset/resize_videos/jU4PVlIKvlY.mp4,18
/home/chenj0g/medicnet/dataset/resize_videos/kFtMQc70MS0.mp4,18
/home/chenj0g/medicnet/dataset/resize_videos/khKKkn-7vQM.mp4,18
/home/chenj0g/medicnet/dataset/resize_videos/LdhWCPdV0T8.mp4,18
/home/chenj0g/medicnet/dataset/resize_videos/LGYxwWtJWLg.mp4,18
/home/chenj0g/medicnet/dataset/resize_videos/mDqdX0fDb24.mp4,18
/home/chenj0g/medicnet/dataset/resize_videos/oyIb_WQJU80.mp4,18
/home/chenj0g/medicnet/dataset/resize_videos/PRFGSwr7-Po.mp4,18
/home/chenj0g/medicnet/dataset/resize_videos/R1hxfEuYlbM.mp4,18
/home/chenj0g/medicnet/dataset/resize_videos/rFF2z5nnW2Y.mp4,18
/home/chenj0g/medicnet/dataset/resize_videos/rh0vqINBrpM.mp4,18
/home/chenj0g/medicnet/dataset/resize_videos/sgtYQbNfURI.mp4,18
/home/chenj0g/medicnet/dataset/resize_videos/Sh000UgtLiM.mp4,18
/home/chenj0g/medicnet/dataset/resize_videos/SQm4M4GCtOk.mp4,18
/home/chenj0g/medicnet/dataset/resize_videos/6cSbLJnjzTA.mp4,47
/home/chenj0g/medicnet/dataset/resize_videos/B-g_5WLffMM.mp4,47
/home/chenj0g/medicnet/dataset/resize_videos/hjMuvERM3aY.mp4,47
/home/chenj0g/medicnet/dataset/resize_videos/i9VGEtH__zU.mp4,47
/home/chenj0g/medicnet/dataset/resize_videos/7CTdDHBzj7Q.mp4,35
/home/chenj0g/medicnet/dataset/resize_videos/b1nxS_yjiEk.mp4,35
/home/chenj0g/medicnet/dataset/resize_videos/BLm4fCyj1CY.mp4,35
/home/chenj0g/medicnet/dataset/resize_videos/C5PgxwxA9XU.mp4,35
/home/chenj0g/medicnet/dataset/resize_videos/cWyPbYD9lGo.mp4,35
/home/chenj0g/medicnet/dataset/resize_videos/DQRPCEbGFSk.mp4,35
/home/chenj0g/medicnet/dataset/resize_videos/edjwF_XlNzE.mp4,35
/home/chenj0g/medicnet/dataset/resize_videos/efIdLoYdxps.mp4,35
/home/chenj0g/medicnet/dataset/resize_videos/EkKtFMKRIXM.mp4,35
/home/chenj0g/medicnet/dataset/resize_videos/heTQcEMDSGU.mp4,35
/home/chenj0g/medicnet/dataset/resize_videos/jXLIvgWNW1A.mp4,35
/home/chenj0g/medicnet/dataset/resize_videos/kfSEV8o6-wY.mp4,35
/home/chenj0g/medicnet/dataset/resize_videos/9vhOSbxGle8.mp4,44
/home/chenj0g/medicnet/dataset/resize_videos/dSPO1KBwUXo.mp4,44
/home/chenj0g/medicnet/dataset/resize_videos/dtL-2hf6RHk.mp4,44
/home/chenj0g/medicnet/dataset/resize_videos/fIiMJ80KVy0.mp4,44
/home/chenj0g/medicnet/dataset/resize_videos/hR6sH_NSAfs.mp4,44
/home/chenj0g/medicnet/dataset/resize_videos/Bpng0Ex9pho.mp4,48
/home/chenj0g/medicnet/dataset/resize_videos/d4EOOvtqj6Y.mp4,48
/home/chenj0g/medicnet/dataset/resize_videos/gbAYUh77P7k.mp4,48
/home/chenj0g/medicnet/dataset/resize_videos/tP8SXuK2veI.mp4,48
/home/chenj0g/medicnet/dataset/resize_videos/CYiHiRd6l1g.mp4,45
/home/chenj0g/medicnet/dataset/resize_videos/Lojv2N_bz_M.mp4,45
/home/chenj0g/medicnet/dataset/resize_videos/Lta0GbIKCZA.mp4,45
/home/chenj0g/medicnet/dataset/resize_videos/Q9daM1wqPxs.mp4,45
/home/chenj0g/medicnet/dataset/resize_videos/QbCDXXlGDdI.mp4,45
/home/chenj0g/medicnet/dataset/resize_videos/lk6GYVM7enk.mp4,50
/home/chenj0g/medicnet/dataset/resize_videos/P6sfE4T9FvM.mp4,50
/home/chenj0g/medicnet/dataset/resize_videos/aR73Ik_GthM.mp4,51
